"Part";"Value";"Device";"Footprint Name";"Detailed Description";"AVAILABILITY";"CATEGORY";"COPYRIGHT";"DATASHEET";"DESCRIPTION";"DIGI-KEY_PART_NUMBER_1";"DIGI-KEY_PART_NUMBER_2";"DIGI-KEY_PART_NUMBER_3";"MANUFACTURER";"MANUFACTURER_NAME";"MANUFACTURER_PART_NUMBER";"MAXIMUM_PACKAGE_HEIGHT";"MF";"MP";"MPN";"OPERATING_TEMPERATURE";"PACKAGE";"PACKAGE_SIZE";"PACKAGE_TYPE";"PARTREV";"PART_STATUS";"POPULARITY";"PRICE";"PROD_ID";"PURCHASE-URL";"REFDES";"ROHS";"SERIES";"SNAPEDA_PACKAGE_ID";"SPICEPREFIX";"STANDARD";"SUBCATEGORY";"THERMALLOSS";"TYPE";"VALUE";
"EMG1:D1";"1N4148DO35-10";"1N4148DO35-10";"DO35-10";"DIODE";"";"";"";"";"";"";"";"";"";"";"";"";"";"";"";"";"";"";"";"";"";"21";"";"";"";"";"";"";"";"";"";"";"";"";"";
"EMG1:D2";"1N4148DO35-10";"1N4148DO35-10";"DO35-10";"DIODE";"";"";"";"";"";"";"";"";"";"";"";"";"";"";"";"";"";"";"";"";"";"21";"";"";"";"";"";"";"";"";"";"";"";"";"";
"EMG1:TM1";"100k";"TRIMPOTTC33X";"TC33X";"SMT trimmer potentiometer part number TC33X";"";"";"";"";"";"";"";"";"";"";"";"";"";"";"";"";"";"";"";"";"";"";"";"";"";"";"";"";"";"";"";"";"";"";"";
"EMG1:U$1";"INA106U/2K5";"INA106U/2K5";"INA106U/2K5";"Differential Amplifier";"";"";"";"";"";"";"";"";"";"";"";"";"";"";"";"";"";"";"";"";"";"";"";"";"";"";"";"";"";"";"";"";"";"";"";
"EMG1:U$7";"RNCS0805BKE150K";"RNCS0805BKE150K";"RNCS0805BKE150K";"150K Resistor 0.1% 1/10W";"";"";"";"";"";"";"";"";"";"";"";"";"";"";"";"";"";"";"";"";"";"";"";"";"";"";"";"";"";"";"";"";"";"";"";
"EMG1:U$8";"TAP105J035SCS";"TAP105J035SCS";"TAP105J035SCS";"1uF Tantalum Capacitor Polarized 5% 35V";"";"";"";"";"";"";"";"";"";"";"";"";"";"";"";"";"";"";"";"";"";"";"";"";"";"";"";"";"";"";"";"";"";"";"";
"EMG1:U$9";"RNCF0402BTE10K0";"RNCF0402BTE10K0";"RNCF0402BTE10K0";"10K Resistor 0.1% 1/10W";"";"";"";"";"";"";"";"";"";"";"";"";"";"";"";"";"";"";"";"";"";"";"";"";"";"";"";"";"";"";"";"";"";"";"";
"EMG1:U$10";"C410C105K5R5TA7200";"C410C105K5R5TA7200";"C410C105K5R5TA7200";"Capacitor Ceramic Disc 1 uF 10% 50V";"";"";"";"";"";"";"";"";"";"";"";"";"";"";"";"";"";"";"";"";"";"";"";"";"";"";"";"";"";"";"";"";"";"";"";
"EMG1:U$11";"C0805C103F5GECTU";"C0805C103F5GECTU";"C0805C103F5GECTU";"Capacitor Ceramic Disc 0.01 uF 1% 50V";"";"";"";"";"";"";"";"";"";"";"";"";"";"";"";"";"";"";"";"";"";"";"";"";"";"";"";"";"";"";"";"";"";"";"";
"EMG1:U$12";"RNCF0603BKC1M00";"RNCF0603BKC1M00";"RNCF0603BKC1M00";"1M Resistor 0.1% 1/10W";"";"";"";"";"";"";"";"";"";"";"";"";"";"";"";"";"";"";"";"";"";"";"";"";"";"";"";"";"";"";"";"";"";"";"";
"EMG1:U$13";"RNCF0603BKC1M00";"RNCF0603BKC1M00";"RNCF0603BKC1M00";"1M Resistor 0.1% 1/10W";"";"";"";"";"";"";"";"";"";"";"";"";"";"";"";"";"";"";"";"";"";"";"";"";"";"";"";"";"";"";"";"";"";"";"";
"EMG1:U$14";"RNCF0402BTE10K0";"RNCF0402BTE10K0";"RNCF0402BTE10K0";"10K Resistor 0.1% 1/10W";"";"";"";"";"";"";"";"";"";"";"";"";"";"";"";"";"";"";"";"";"";"";"";"";"";"";"";"";"";"";"";"";"";"";"";
"EMG1:U$15";"RNCS0805BKE150K";"RNCS0805BKE150K";"RNCS0805BKE150K";"150K Resistor 0.1% 1/10W";"";"";"";"";"";"";"";"";"";"";"";"";"";"";"";"";"";"";"";"";"";"";"";"";"";"";"";"";"";"";"";"";"";"";"";
"EMG1:U$16";"RNCS0805BKE150K";"RNCS0805BKE150K";"RNCS0805BKE150K";"150K Resistor 0.1% 1/10W";"";"";"";"";"";"";"";"";"";"";"";"";"";"";"";"";"";"";"";"";"";"";"";"";"";"";"";"";"";"";"";"";"";"";"";
"EMG1:U$17";"RNCF0402BTE10K0";"RNCF0402BTE10K0";"RNCF0402BTE10K0";"10K Resistor 0.1% 1/10W";"";"";"";"";"";"";"";"";"";"";"";"";"";"";"";"";"";"";"";"";"";"";"";"";"";"";"";"";"";"";"";"";"";"";"";
"EMG1:U$19";"RNCF0402BTE10K0";"RNCF0402BTE10K0";"RNCF0402BTE10K0";"10K Resistor 0.1% 1/10W";"";"";"";"";"";"";"";"";"";"";"";"";"";"";"";"";"";"";"";"";"";"";"";"";"";"";"";"";"";"";"";"";"";"";"";
"EMG1:U$20";"RNCF0402BTE10K0";"RNCF0402BTE10K0";"RNCF0402BTE10K0";"10K Resistor 0.1% 1/10W";"";"";"";"";"";"";"";"";"";"";"";"";"";"";"";"";"";"";"";"";"";"";"";"";"";"";"";"";"";"";"";"";"";"";"";
"EMG1:U$21";"RNCF0402BTE10K0";"RNCF0402BTE10K0";"RNCF0402BTE10K0";"10K Resistor 0.1% 1/10W";"";"";"";"";"";"";"";"";"";"";"";"";"";"";"";"";"";"";"";"";"";"";"";"";"";"";"";"";"";"";"";"";"";"";"";
"EMG1:U$23";"RNCF0805DTE82K0";"RNCF0805DTE82K0";"RNCF0805DTE82K0";"82K Resistor 0.5% 1/4W";"";"";"";"";"";"";"";"";"";"";"";"";"";"";"";"";"";"";"";"";"";"";"";"";"";"";"";"";"";"";"";"";"";"";"";
"EMG1:U$24";"RNCF0805DTE82K0";"RNCF0805DTE82K0";"RNCF0805DTE82K0";"82K Resistor 0.5% 1/4W";"";"";"";"";"";"";"";"";"";"";"";"";"";"";"";"";"";"";"";"";"";"";"";"";"";"";"";"";"";"";"";"";"";"";"";
"EMG1:U$25";"RNCF1206TKY1K00";"RNCF1206TKY1K00";"RNCF1206TKY1K00";"1K Resistor 0.01% 1/4W";"";"";"";"";"";"";"";"";"";"";"";"";"";"";"";"";"";"";"";"";"";"";"";"";"";"";"";"";"";"";"";"";"";"";"";
"EMG1:U$26";"TAP105J035SCS";"TAP105J035SCS";"TAP105J035SCS";"1uF Tantalum Capacitor Polarized 5% 35V";"";"";"";"";"";"";"";"";"";"";"";"";"";"";"";"";"";"";"";"";"";"";"";"";"";"";"";"";"";"";"";"";"";"";"";
"EMG1:U1";"TL072_SOIC";"TL072_SOIC";"SOIC127P600X175-8N";"FET-Input Operational Amplifiers";"";"Linear ICs";"";"https://www.ti.com/lit/ds/symlink/tl071.pdf";"J-FET Amplifier 2 Circuit 8-SOIC";"";"";"";"Texas Instruments";"";"";"";"";"";"TL072CDR";"0°C ~ 70°C";"";"8-SOIC";"SMD";"";"ACTIVE";"";"";"";"";"";"COMPLIANT";"TL072";"";"";"";"Amplifiers";"";"J-FET";"";
"EMG1:U2";"TL072_SOIC";"TL072_SOIC";"SOIC127P600X175-8N";"FET-Input Operational Amplifiers";"";"Linear ICs";"";"https://www.ti.com/lit/ds/symlink/tl071.pdf";"J-FET Amplifier 2 Circuit 8-SOIC";"";"";"";"Texas Instruments";"";"";"";"";"";"TL072CDR";"0°C ~ 70°C";"";"8-SOIC";"SMD";"";"ACTIVE";"";"";"";"";"";"COMPLIANT";"TL072";"";"";"";"Amplifiers";"";"J-FET";"";
"EMG1:U3";"TL072_SOIC";"TL072_SOIC";"SOIC127P600X175-8N";"FET-Input Operational Amplifiers";"";"Linear ICs";"";"https://www.ti.com/lit/ds/symlink/tl071.pdf";"J-FET Amplifier 2 Circuit 8-SOIC";"";"";"";"Texas Instruments";"";"";"";"";"";"TL072CDR";"0°C ~ 70°C";"";"8-SOIC";"SMD";"";"ACTIVE";"";"";"";"";"";"COMPLIANT";"TL072";"";"";"";"Amplifiers";"";"J-FET";"";
"ESP1:C1";"0.1 uF";"GRM033C70J104KE14D";"CAPC0603X33N";"";"";"";"";"";"";"";"";"";"";"";"";"";"";"";"";"";"";"";"";"";"";"";"";"";"";"";"";"";"";"";"";"";"";"";"";
"ESP1:C2";"10 nF";"GRM033R70J103KA01D";"CAPC0603X33N";"";"";"";"";"";"";"";"";"";"";"";"";"";"";"";"";"";"";"";"";"";"";"";"";"";"";"";"";"";"";"C";"";"";"";"";"";
"ESP1:C3";"1 uF";"CL03A105MQ3CSNCCAP_CL03_SAM";"CAP_CL03_SAM";"";"";"";"Copyright (C) 2025 Ultra Librarian. All rights reserved.";"";"";"";"";"";"";"Samsung";"CL03A105MQ3CSNC";"";"";"";"";"";"";"";"";"";"";"";"";"";"";"";"";"";"";"";"";"";"";"";"";
"ESP1:C4";"0.1 uF";"GRM033C70J104KE14D";"CAPC0603X33N";"";"";"";"";"";"";"";"";"";"";"";"";"";"";"";"";"";"";"";"";"";"";"";"";"";"";"";"";"";"";"";"";"";"";"";"";
"ESP1:C5";"1 uF";"CL03A105MQ3CSNCCAP_CL03_SAM";"CAP_CL03_SAM";"";"";"";"Copyright (C) 2025 Ultra Librarian. All rights reserved.";"";"";"";"";"";"";"Samsung";"CL03A105MQ3CSNC";"";"";"";"";"";"";"";"";"";"";"";"";"";"";"";"";"";"";"";"";"";"";"";"";
"ESP1:C6";"0.1 uF";"GRM033C70J104KE14D";"CAPC0603X33N";"";"";"";"";"";"";"";"";"";"";"";"";"";"";"";"";"";"";"";"";"";"";"";"";"";"";"";"";"";"";"";"";"";"";"";"";
"ESP1:C7";"0.1 uF";"GRM033C70J104KE14D";"CAPC0603X33N";"";"";"";"";"";"";"";"";"";"";"";"";"";"";"";"";"";"";"";"";"";"";"";"";"";"";"";"";"";"";"";"";"";"";"";"";
"ESP1:C8";"0.1 uF";"GRM033C70J104KE14D";"CAPC0603X33N";"";"";"";"";"";"";"";"";"";"";"";"";"";"";"";"";"";"";"";"";"";"";"";"";"";"";"";"";"";"";"";"";"";"";"";"";
"ESP1:C9";"1 uF";"CL03A105MQ3CSNCCAP_CL03_SAM";"CAP_CL03_SAM";"";"";"";"Copyright (C) 2025 Ultra Librarian. All rights reserved.";"";"";"";"";"";"";"Samsung";"CL03A105MQ3CSNC";"";"";"";"";"";"";"";"";"";"";"";"";"";"";"";"";"";"";"";"";"";"";"";"";
"ESP1:C10";"10 nF";"C0603C106M9PACTU";"CAPC1608X90N";"";"";"";"";"";"";"";"";"";"";"";"";"";"";"";"";"";"";"";"";"";"";"";"";"";"";"";"";"";"";"";"";"";"";"";"";
"ESP1:C11";"1 uF";"CL03A105MQ3CSNCCAP_CL03_SAM";"CAP_CL03_SAM";"";"";"";"Copyright (C) 2025 Ultra Librarian. All rights reserved.";"";"";"";"";"";"";"Samsung";"CL03A105MQ3CSNC";"";"";"";"";"";"";"";"";"";"";"";"";"";"";"";"";"";"";"";"";"";"";"";"";
"ESP1:C12";"15 pF";"C0402C150J8HACTUCAPC10555_55N_KEM";"CAPC10555_55N_KEM";"";"";"";"Copyright (C) 2025 Ultra Librarian. All rights reserved.";"https://content.kemet.com/datasheets/KEM_C1007_X8R_ULTRA_150C_SMD.pdf";"SMD Comm X8R HT150C, Ceramic, 15 pF, 5%, 10 VDC, X8R, SMD, MLCC, High Temperature, Ultra-Stable, 0402";"";"";"";"";"Kemet";"C0402C150J8HACTU";"";"";"";"";"";"";"";"";"";"";"";"";"";"";"";"";"";"";"";"";"";"";"";"";
"ESP1:C13";"15 pF";"C0402C150J8HACTUCAPC10555_55N_KEM";"CAPC10555_55N_KEM";"";"";"";"Copyright (C) 2025 Ultra Librarian. All rights reserved.";"https://content.kemet.com/datasheets/KEM_C1007_X8R_ULTRA_150C_SMD.pdf";"SMD Comm X8R HT150C, Ceramic, 15 pF, 5%, 10 VDC, X8R, SMD, MLCC, High Temperature, Ultra-Stable, 0402";"";"";"";"";"Kemet";"C0402C150J8HACTU";"";"";"";"";"";"";"";"";"";"";"";"";"";"";"";"";"";"";"";"";"";"";"";"";
"ESP1:C14";"10 uF";"C0603C106M9PACTU";"CAPC1608X90N";"";"";"";"";"";"";"";"";"";"";"";"";"";"";"";"";"";"";"";"";"";"";"";"";"";"";"";"";"";"";"";"";"";"";"";"";
"ESP1:C15";"1 uF";"CL03A105MQ3CSNCCAP_CL03_SAM";"CAP_CL03_SAM";"";"";"";"Copyright (C) 2025 Ultra Librarian. All rights reserved.";"";"";"";"";"";"";"Samsung";"CL03A105MQ3CSNC";"";"";"";"";"";"";"";"";"";"";"";"";"";"";"";"";"";"";"";"";"";"";"";"";
"ESP1:C16";"TBD";"885012005024_6.3V(DC)";"WCAP-CSGP_0402";"";"";"";"";"";"";"";"";"";"";"";"";"";"";"";"";"";"";"";"";"";"";"";"";"";"";"";"";"";"";"";"";"";"";"";"";
"ESP1:C17";"TBD";"885012005024_6.3V(DC)";"WCAP-CSGP_0402";"";"";"";"";"";"";"";"";"";"";"";"";"";"";"";"";"";"";"";"";"";"";"";"";"";"";"";"";"";"";"";"";"";"";"";"";
"ESP1:C18";"TBD";"885012005024_6.3V(DC)";"WCAP-CSGP_0402";"";"";"";"";"";"";"";"";"";"";"";"";"";"";"";"";"";"";"";"";"";"";"";"";"";"";"";"";"";"";"";"";"";"";"";"";
"ESP1:C19";"TBD";"885012005024_6.3V(DC)";"WCAP-CSGP_0402";"";"";"";"";"";"";"";"";"";"";"";"";"";"";"";"";"";"";"";"";"";"";"";"";"";"";"";"";"";"";"";"";"";"";"";"";
"ESP1:CR1";"PESD4V0Y1BSFYLSOD962-2_NEX";"PESD4V0Y1BSFYLSOD962-2_NEX";"SOD962-2_NEX";"";"";"";"Copyright (C) 2025 Ultra Librarian. All rights reserved.";"";"";"";"";"";"";"Nexperia";"PESD4V0Y1BSFYL";"";"";"";"";"";"";"";"";"";"";"";"";"";"";"";"";"";"";"";"";"";"";"";"";
"ESP1:CR2";"PESD4V0Y1BSFYLSOD962-2_NEX";"PESD4V0Y1BSFYLSOD962-2_NEX";"SOD962-2_NEX";"";"";"";"Copyright (C) 2025 Ultra Librarian. All rights reserved.";"";"";"";"";"";"";"Nexperia";"PESD4V0Y1BSFYL";"";"";"";"";"";"";"";"";"";"";"";"";"";"";"";"";"";"";"";"";"";"";"";"";
"ESP1:L1";"2 nH";"LQP03TN2N0B02D";"INDC0603X33N";"";"";"";"";"";"";"";"";"";"";"";"";"";"";"";"";"";"";"";"";"";"";"";"";"";"";"";"";"";"";"";"";"";"";"";"";
"ESP1:L2";"LQW18AN24NJ00D";"LQW18AN24NJ00D";"INDC1608X100N";"";"";"";"";"";"";"";"";"";"";"";"";"";"";"";"";"";"";"";"";"";"";"";"";"";"";"";"";"";"";"";"";"";"";"";"";
"ESP1:L3";"TBD";"LQP03TN2N0B02D";"INDC0603X33N";"";"";"";"";"";"";"";"";"";"";"";"";"";"";"";"";"";"";"";"";"";"";"";"";"";"";"";"";"";"";"";"";"";"";"";"";
"ESP1:L4";"TBD";"LQP03TN2N0B02D";"INDC0603X33N";"";"";"";"";"";"";"";"";"";"";"";"";"";"";"";"";"";"";"";"";"";"";"";"";"";"";"";"";"";"";"";"";"";"";"";"";
"ESP1:SW1";"PTS810";"PTS810_SJM_250_SMTR_LFSPTS810_CNK";"PTS810_CNK";"";"";"";"Copyright (C) 2025 Ultra Librarian. All rights reserved.";"";"";"";"";"";"";"C&K Components";"PTS810 SJM 250 SMTR LFS";"";"";"";"";"";"";"";"";"";"";"";"";"";"";"";"";"";"";"";"";"";"";"";"";
"ESP1:SW2";"PTS810";"PTS810_SJM_250_SMTR_LFSPTS810_CNK";"PTS810_CNK";"";"";"";"Copyright (C) 2025 Ultra Librarian. All rights reserved.";"";"";"";"";"";"";"C&K Components";"PTS810 SJM 250 SMTR LFS";"";"";"";"";"";"";"";"";"";"";"";"";"";"";"";"";"";"";"";"";"";"";"";"";
"ESP1:U$1";"RNCF0402BTE10K0";"RNCF0402BTE10K0";"RNCF0402BTE10K0";"10K Resistor 0.1% 1/10W";"";"";"";"";"";"";"";"";"";"";"";"";"";"";"";"";"";"";"";"";"";"";"";"";"";"";"";"";"";"";"";"";"";"";"";
"ESP1:U$2";"RNCF0402BTE10K0";"RNCF0402BTE10K0";"RNCF0402BTE10K0";"10K Resistor 0.1% 1/10W";"";"";"";"";"";"";"";"";"";"";"";"";"";"";"";"";"";"";"";"";"";"";"";"";"";"";"";"";"";"";"";"";"";"";"";
"ESP1:U$3";"RNCF0402BTE10K0";"RNCF0402BTE10K0";"RNCF0402BTE10K0";"10K Resistor 0.1% 1/10W";"";"";"";"";"";"";"";"";"";"";"";"";"";"";"";"";"";"";"";"";"";"";"";"";"";"";"";"";"";"";"";"";"";"";"";
"ESP1:U$4";"RNCF0402BTE10K0";"RNCF0402BTE10K0";"RNCF0402BTE10K0";"10K Resistor 0.1% 1/10W";"";"";"";"";"";"";"";"";"";"";"";"";"";"";"";"";"";"";"";"";"";"";"";"";"";"";"";"";"";"";"";"";"";"";"";
"ESP1:U2";"ESP32-S3FN8";"ESP32-S3FN8";"QFN40P700X700X90-57N";"Check availability";"In Stock";"";"";"";" Espressif Systems [ENGINEERING SAMPLES]SMD IC , Dual-Core MCU, Wi-Fi 2.4G & BLE 5.0 combo, 8 MB Octal SPI PSRAM, QFN 56-pin, 7*7 mm ";"";"";"";"";"";"";"";"Espressif Systems";"ESP32-S3FN8";"";"";"None";"";"";"";"";"";"None";"";"https://pricing.snapeda.com/search/part/ESP32-S3FN8/?ref=eda";"";"";"";"";"";"";"";"";"";"";
"ESP1:Y1";"40 MHz";"ECS-400-10-37B2-CKY-TR";"XTAL_ECS-400-10-37B2-CKY-TR";"";"";"";"";"";"";"";"";"";"ECS Inc.";"";"";"0.5mm";"";"";"";"";"";"";"";"2021";"";"";"";"";"";"";"";"";"68288";"";"Manufacturer Recommendations";"";"";"";"";
"IMU1:U1";"9DoF IMU";"ICM-20948";"QFN24-3X3-ICM-20948";"ICM-20948 9 Degree of Freedom IMU";"";"";"";"";"";"";"";"";"";"";"";"";"";"";"";"";"";"";"";"";"";"";"";"IC-14247";"";"";"";"";"";"";"";"";"";"";"9DoF IMU";
"PWR1:3.3VLDO1:C5";"1 uF";"CL03A105MQ3CSNCCAP_CL03_SAM";"CAP_CL03_SAM";"";"";"";"Copyright (C) 2025 Ultra Librarian. All rights reserved.";"";"";"";"";"";"";"Samsung";"CL03A105MQ3CSNC";"";"";"";"";"";"";"";"";"";"";"";"";"";"";"";"";"";"";"";"";"";"";"";"";
"PWR1:3.3VLDO1:C6";"1 uF";"CL03A105MQ3CSNCCAP_CL03_SAM";"CAP_CL03_SAM";"";"";"";"Copyright (C) 2025 Ultra Librarian. All rights reserved.";"";"";"";"";"";"";"Samsung";"CL03A105MQ3CSNC";"";"";"";"";"";"";"";"";"";"";"";"";"";"";"";"";"";"";"";"";"";"";"";"";
"PWR1:3.3VLDO1:U1";"NCP167BMX330TBG";"NCP167BMX330TBG";"VREG_NCP167BMX330TBG";"";"";"";"";"";"";"";"";"";"Onsemi";"";"";"0.43 mm";"";"";"";"";"";"";"";"5";"";"";"";"";"";"";"";"";"";"";"Manufacturer Recommendations";"";"";"";"";
"PWR1:5VBOOST1:C1";"GRM033R70J103JA01D";"GRM033R70J103JA01D";"CAPC0603X33N";"";"";"";"";"";"";"";"";"";"";"";"";"";"";"";"";"";"";"";"";"";"";"";"";"";"";"";"";"";"";"";"";"";"";"";"";
"PWR1:5VBOOST1:C3";"22 uF";"CL21A226KQCLRNC";"CAPC2012X135N";"";"";"";"";"";"";"";"";"";"";"";"";"";"";"";"";"";"";"";"";"";"";"";"";"";"";"";"";"";"";"";"";"";"";"";"";
"PWR1:5VBOOST1:C4";"22 uF";"CL21A226KQCLRNC";"CAPC2012X135N";"";"";"";"";"";"";"";"";"";"";"";"";"";"";"";"";"";"";"";"";"";"";"";"";"";"";"";"";"";"";"";"";"";"";"";"";
"PWR1:5VBOOST1:L1";"P3519R-102JIND_P3519R_API";"P3519R-102JIND_P3519R_API";"IND_P3519R_API";"";"";"";"Copyright (C) 2025 Ultra Librarian. All rights reserved.";"";"";"";"";"";"";"API Delevan";"P3519R-102J";"";"";"";"";"";"";"";"";"";"";"";"";"";"";"";"";"";"";"";"";"";"";"Fixed Inductors";"";
"PWR1:5VBOOST1:R3";"1M";"RNCF0603BKC1M00";"RESC1508X55N";"";"";"";"";"";"";"";"";"";"";"";"";"";"";"";"";"";"";"";"";"";"";"";"";"";"";"";"";"";"";"";"";"";"";"";"";
"PWR1:5VBOOST1:U3";"TPS61232DRCT";"TPS61232DRCT";"VREG_V62/16624-01YE";"";"";"";"";"";"";"";"";"";"";"";"";"";"";"";"";"";"";"";"";"";"";"";"";"";"";"";"";"";"";"";"";"";"";"";"";
"PWR1:9VINVBSTBCK1:C7";"4.7 uF (6.3V)";"CL10B475KQ8NQNCCAP_CL10_SAM";"CAP_CL10_SAM";"";"";"";"Copyright (C) 2025 Ultra Librarian. All rights reserved.";"";"";"";"";"";"";"Samsung";"CL10B475KQ8NQNC";"";"";"";"";"";"";"";"";"";"";"";"";"";"";"";"";"";"";"";"";"";"";"";"";
"PWR1:9VINVBSTBCK1:C8";"4.7 uF (6.3V)";"CL10B475KQ8NQNCCAP_CL10_SAM";"CAP_CL10_SAM";"";"";"";"Copyright (C) 2025 Ultra Librarian. All rights reserved.";"";"";"";"";"";"";"Samsung";"CL10B475KQ8NQNC";"";"";"";"";"";"";"";"";"";"";"";"";"";"";"";"";"";"";"";"";"";"";"";"";
"PWR1:9VINVBSTBCK1:C9";"10 nF (16V)";"KGM05AR71C103JH0402_AVX";"0402_AVX";"";"";"";"Copyright (C) 2025 Ultra Librarian. All rights reserved.";"";"";"";"";"";"";"KYOCERA AVX";"0402YC103JAT2A";"";"";"";"";"";"";"";"";"";"";"";"";"";"";"";"";"";"";"";"";"";"";"";"";
"PWR1:9VINVBSTBCK1:C10";"4.7 nF (50V)";"C0603C472F5GACTU";"CAPC1608X87N";"";"";"";"";"";"";"";"";"";"";"";"";"";"";"";"";"";"";"";"";"";"";"";"";"";"";"";"";"";"";"";"";"";"";"";"";
"PWR1:9VINVBSTBCK1:C11";"22 uF (25V)";"CL32B226KAJNNNE";"ANTC3225X280N";"";"";"";"";"";"";"";"";"";"";"";"";"";"";"";"";"";"";"";"";"";"";"";"";"";"";"";"";"";"";"";"";"";"";"";"";
"PWR1:9VINVBSTBCK1:C12";"6.8 pF (16V)";"885012005024_6.3V(DC)";"WCAP-CSGP_0402";"";"";"";"";"";"";"";"";"";"";"";"";"";"";"";"";"";"";"";"";"";"";"";"";"";"";"";"";"";"";"";"";"";"";"";"";
"PWR1:9VINVBSTBCK1:C13";"220 nF (6.3V)";"C0402C224K9PACTU";"CAPC1005X55N";"";"";"";"";"";"";"";"";"";"KEMET";"";"";"0.55mm";"";"";"";"";"";"";"";"N/A";"";"";"";"";"";"";"";"";"";"";"IPC 7351B";"";"";"";"";
"PWR1:9VINVBSTBCK1:C14";"7.5 pF (25V)";"GJM0335C1E7R5BB01D";"CAPC0603X33N";"";"";"";"";"";"";"";"";"";"";"";"";"";"";"";"";"";"";"";"";"";"";"";"";"";"";"";"";"";"";"";"";"";"";"";"";
"PWR1:9VINVBSTBCK1:C15";"22 uF (25V)";"CL32B226KAJNNNE";"ANTC3225X280N";"";"";"";"";"";"";"";"";"";"";"";"";"";"";"";"";"";"";"";"";"";"";"";"";"";"";"";"";"";"";"";"";"";"";"";"";
"PWR1:9VINVBSTBCK1:L2";"4.7 uH";"WE-PD_7332";"WE-PD_7332";"";"";"";"";"";"";"";"";"";"";"";"";"";"";"";"";"";"";"";"";"";"";"";"";"";"";"";"";"";"";"";"";"";"";"";"";
"PWR1:9VINVBSTBCK1:L3";"4.7 uH";"WE-PD_7332";"WE-PD_7332";"";"";"";"";"";"";"";"";"";"";"";"";"";"";"";"";"";"";"";"";"";"";"";"";"";"";"";"";"";"";"";"";"";"";"";"";
"PWR1:9VINVBSTBCK1:R4";"300";"HRG3216P-3000-B-T1";"RESC3216X55N";"";"";"";"";"";"";"";"";"";"";"";"";"";"";"";"";"";"";"";"";"";"";"";"";"";"";"";"";"";"";"";"";"";"";"";"";
"PWR1:9VINVBSTBCK1:R5";"130K";"ERA6AEB134V";"RES_ERA6AEB134V";"";"";"";"";"";"";"";"";"";"Panasonic";"";"";"0.6 mm";"";"";"";"";"";"";"";"3/1/2020";"";"";"";"";"";"";"";"";"";"";"Manufacturer Recommendations";"";"";"";"";
"PWR1:9VINVBSTBCK1:R6";"835K";"RN73H1JTTD8353F25RES_RN73H_1J_KOA";"RES_RN73H_1J_KOA";"";"";"";"Copyright (C) 2025 Ultra Librarian. All rights reserved.";"";"";"";"";"";"";"KOA Speer";"RN73H1JTTD8353F25";"";"";"";"";"";"";"";"";"";"";"";"";"";"";"";"";"";"";"";"";"";"";"";"";
"PWR1:9VINVBSTBCK1:R7";"120k";"ERA6AEB124V";"RES_ERA6AEB124V";"";"";"";"";"";"";"";"";"";"Panasonic";"";"";"0.6 mm";"";"";"";"";"";"";"";"3/1/2020";"";"";"";"";"";"";"";"";"";"";"Manufacturer Recommendations";"";"";"";"";
"PWR1:9VINVBSTBCK1:R8";"900K";"RT1206BRE07900KL";"RESC3116X65N";"";"";"";"";"";"";"";"";"";"";"";"";"";"";"";"";"";"";"";"";"";"";"";"";"";"";"";"";"";"";"";"";"";"";"";"";
"PWR1:9VINVBSTBCK1:U$1";"RAF040P01TCL";"RAF040P01TCL";"TRANS_RAF040_ROM";"";"";"";"";"";"";"";"";"";"";"";"";"";"";"";"";"";"";"";"";"";"";"";"";"";"";"";"";"";"";"";"";"";"";"";"";
"PWR1:9VINVBSTBCK1:U4";"TPS65130RGER";"TPS65130RGER";"QFN50P400X400X100-25N";"";"";"";"";"";"";"";"";"";"Texas Instruments";"";"";"1.00mm";"";"";"";"";"";"";"";"4219013/A 05/2017";"";"";"";"";"";"";"";"";"";"";"IPC-7351B";"";"";"";"";
"PWR1:9VINVBSTBCK1:U5";"MBRM120ET1GDO-216AA_ONS";"MBRM120ET1GDO-216AA_ONS";"DO-216AA_ONS";"";"";"";"Copyright (C) 2025 Ultra Librarian. All rights reserved.";"";"";"";"";"";"";"onsemi";"MBRM120ET1G";"";"";"";"";"";"";"";"";"";"";"";"";"";"";"";"";"";"";"";"";"";"";"";"";
"PWR1:9VINVBSTBCK1:U6";"MBRM120ET1GDO-216AA_ONS";"MBRM120ET1GDO-216AA_ONS";"DO-216AA_ONS";"";"";"";"Copyright (C) 2025 Ultra Librarian. All rights reserved.";"";"";"";"";"";"";"onsemi";"MBRM120ET1G";"";"";"";"";"";"";"";"";"";"";"";"";"";"";"";"";"";"";"";"";"";"";"";"";
"PWR1:BAT1:1S-1C-LIPO";"";"BATTERYLIPO-TABS";"LIPO-110-TABS";"Battery - Single Cell";"";"";"";"";"";"";"";"";"";"";"";"";"";"";"";"";"";"";"";"";"";"";"";"";"";"";"";"";"";"";"";"";"";"";"";
"PWR1:BAT1:C2";"0.1 uF";"GRM033C70J104KE14D";"CAPC0603X33N";"";"";"";"";"";"";"";"";"";"";"";"";"";"";"";"";"";"";"";"";"";"";"";"";"";"";"";"";"";"";"";"";"";"";"";"";
"PWR1:BAT1:LED1";"LTST-C170GKTLED_LTST-C170GKT_LTO";"LTST-C170GKTLED_LTST-C170GKT_LTO";"LED_LTST-C170GKT_LTO";"";"";"";"Copyright (C) 2025 Ultra Librarian. All rights reserved.";"";"";"";"";"";"";"LITE-ON";"LTST-C170GKT";"";"";"";"";"";"";"";"";"";"";"";"";"";"";"";"";"";"";"";"";"";"";"";"";
"PWR1:BAT1:R1";"2.2K";"CRG0805F2K2";"RESC2012X65N";"";"";"";"";"";"";"";"";"";"";"";"";"";"";"";"";"";"";"";"";"";"";"";"";"";"";"";"";"";"";"";"";"";"";"";"";
"PWR1:BAT1:R2";"330";"RC1206JR-07330RL";"RESC3116X65N";"";"";"";"";"";"";"";"";"";"";"";"";"";"";"";"";"";"";"";"";"";"";"";"";"";"";"";"";"";"";"";"";"";"";"";"";
"PWR1:BAT1:R3";"RG1005P-152-B-T5RES_0510_SUS";"RG1005P-152-B-T5RES_0510_SUS";"RES_0510_SUS";"";"";"";"Copyright (C) 2025 Ultra Librarian. All rights reserved.";"";"";"";"";"";"";"Susumu";"RG1005P-152-B-T5";"";"";"";"";"";"";"";"";"";"";"";"";"";"";"";"";"";"";"";"";"";"";"";"";
"PWR1:BAT1:U$7";"FS8205A";"FS8205A";"FS8205A";"";"";"";"";"";"";"";"";"";"";"";"";"";"";"";"";"";"";"";"";"";"";"";"";"";"";"";"";"";"";"";"";"";"";"";"";
"PWR1:BAT1:U2";"BQ29700DSERDSE0006A";"BQ29700DSERDSE0006A";"DSE0006A";"";"";"";"Copyright (C) 2025 Ultra Librarian. All rights reserved.";"https://www.ti.com/lit/gpn/bq2970";"Lithium-ion (Li-ion) and lithium-polymer (Li-Po) advanced single-cell battery protector 6-WSON -40 to 85";"296-43985-1-ND";"296-43985-2-ND";"296-43985-6-ND";"";"Texas Instruments";"BQ29700DSER";"";"";"";"";"";"";"";"";"";"";"";"";"";"";"RefDes";"";"";"";"";"";"";"";"TYPE";"";
"PWR1:BATCHG1:C1";"1 uF (6.3V)";"CL03A105MQ3CSNCCAP_CL03_SAM";"CAP_CL03_SAM";"";"";"";"Copyright (C) 2025 Ultra Librarian. All rights reserved.";"";"";"";"";"";"";"Samsung";"CL03A105MQ3CSNC";"";"";"";"";"";"";"";"";"";"";"";"";"";"";"";"";"";"";"";"";"";"";"";"";
"PWR1:BATCHG1:LED1";"LTST-C170GKTLED_LTST-C170GKT_LTO";"LTST-C170GKTLED_LTST-C170GKT_LTO";"LED_LTST-C170GKT_LTO";"";"";"";"Copyright (C) 2025 Ultra Librarian. All rights reserved.";"";"";"";"";"";"";"LITE-ON";"LTST-C170GKT";"";"";"";"";"";"";"";"";"";"";"";"";"";"";"";"";"";"";"";"";"";"";"";"";
"PWR1:BATCHG1:R1";"RG1608P-4990-B-T5";"RG1608P-4990-B-T5";"RESC1608X50N";"";"";"";"";"";"";"";"";"";"";"";"";"";"";"";"";"";"";"";"";"";"";"";"";"";"";"";"";"";"";"";"";"";"";"";"";
"PWR1:BATCHG1:R2";"RG1005P-152-B-T5RES_0510_SUS";"RG1005P-152-B-T5RES_0510_SUS";"RES_0510_SUS";"";"";"";"Copyright (C) 2025 Ultra Librarian. All rights reserved.";"";"";"";"";"";"";"Susumu";"RG1005P-152-B-T5";"";"";"";"";"";"";"";"";"";"";"";"";"";"";"";"";"";"";"";"";"";"";"";"";
"PWR1:BATCHG1:U$1";"";"DG103350";"DG103350";"";"";"";"";"";"";"";"";"";"";"";"";"";"";"";"";"";"";"";"";"";"";"";"";"";"";"";"";"";"";"";"";"";"";"";"";
"PWR1:BATCHG1:U1";"BQ21040DBVR";"BQ21040DBVR";"SOT95P280X145-6N";"";"";"";"";"";"";"";"";"";"";"";"";"";"";"";"";"";"";"";"";"";"";"";"";"";"";"";"";"";"";"";"";"";"";"";"";
"TEMP1:R1";"47K";"RC0603FR-0747KL";"RESC1608X55";"";"";"";"";"";"";"";"";"";"YAGEO";"";"";"";"";"";"";"";"";"";"";"";"";"";"";"";"";"";"";"";"";"";"";"";"";"";"";
"TEMP1:R2";"47K";"RC0603FR-0747KL";"RESC1608X55";"";"";"";"";"";"";"";"";"";"YAGEO";"";"";"";"";"";"";"";"";"";"";"";"";"";"";"";"";"";"";"";"";"";"";"";"";"";"";
"TEMP1:U$1";"RNCF0402BTE10K0";"RNCF0402BTE10K0";"RNCF0402BTE10K0";"10K Resistor 0.1% 1/10W";"";"";"";"";"";"";"";"";"";"";"";"";"";"";"";"";"";"";"";"";"";"";"";"";"";"";"";"";"";"";"";"";"";"";"";
"TEMP1:U$2";"jdahjsd";"DG103350";"DG103350";"";"";"";"";"";"";"";"";"";"";"";"";"";"";"";"";"";"";"";"";"";"";"";"";"";"";"";"";"";"";"";"";"";"";"";"";
"USBC1:CR2";"PESD4V0Y1BSFYLSOD962-2_NEX";"PESD4V0Y1BSFYLSOD962-2_NEX";"SOD962-2_NEX";"";"";"";"Copyright (C) 2025 Ultra Librarian. All rights reserved.";"";"";"";"";"";"";"Nexperia";"PESD4V0Y1BSFYL";"";"";"";"";"";"";"";"";"";"";"";"";"";"";"";"";"";"";"";"";"";"";"";"";
"USBC1:CR3";"PESD4V0Y1BSFYLSOD962-2_NEX";"PESD4V0Y1BSFYLSOD962-2_NEX";"SOD962-2_NEX";"";"";"";"Copyright (C) 2025 Ultra Librarian. All rights reserved.";"";"";"";"";"";"";"Nexperia";"PESD4V0Y1BSFYL";"";"";"";"";"";"";"";"";"";"";"";"";"";"";"";"";"";"";"";"";"";"";"";"";
"USBC1:CR4";"PESD4V0Y1BSFYLSOD962-2_NEX";"PESD4V0Y1BSFYLSOD962-2_NEX";"SOD962-2_NEX";"";"";"";"Copyright (C) 2025 Ultra Librarian. All rights reserved.";"";"";"";"";"";"";"Nexperia";"PESD4V0Y1BSFYL";"";"";"";"";"";"";"";"";"";"";"";"";"";"";"";"";"";"";"";"";"";"";"";"";
"USBC1:J1";"USB4105-GF-A";"USB4105-GF-A";"GCT_USB4105-GF-A";"";"";"";"";"";"";"";"";"";"GCT";"";"";"3.31 mm";"";"";"";"";"";"";"";"B4";"";"";"";"";"";"";"";"";"";"";"Manufacturer Recommendations";"";"";"";"";
"USBC1:R1";"5.1K";"RG1608P-4990-B-T5";"RESC1608X50N";"";"";"";"";"";"";"";"";"";"";"";"";"";"";"";"";"";"";"";"";"";"";"";"";"";"";"";"";"";"";"";"";"";"";"";"";
"USBC1:R2";"5.1K";"RG1608P-4990-B-T5";"RESC1608X50N";"";"";"";"";"";"";"";"";"";"";"";"";"";"";"";"";"";"";"";"";"";"";"";"";"";"";"";"";"";"";"";"";"";"";"";"";
"USBC1:U1";"MBRM120ET1GDO-216AA_ONS";"MBRM120ET1GDO-216AA_ONS";"DO-216AA_ONS";"";"";"";"Copyright (C) 2025 Ultra Librarian. All rights reserved.";"";"";"";"";"";"";"onsemi";"MBRM120ET1G";"";"";"";"";"";"";"";"";"";"";"";"";"";"";"";"";"";"";"";"";"";"";"";"";
