Part;Value;Device;Footprint Name;Detailed Description;Link;Manuf Part Number;Datasheet URL;Description;Manufacturer;DigiKey Part Number;Pricing;Stock;Package/Footprint
EMG1:D1;1N4148DO35-10;1N4148DO35-10;DO35-10;DIODE;https://www.digikey.ca/en/products/detail/onsemi/1N4148/458603;1N4148;https://www.mccsemi.com/pdf/Products/1N4148WX(SOD-323).pdf;DIODE STANDARD 75V 150MA SOD323;MCC (Micro Commercial Components);1N4148WXTPMSCT-ND;[{'break_quantity': 1, 'total_price': 0.1, 'unit_price': 0.1}, {'break_quantity': 10, 'total_price': 0.61, 'unit_price': 0.061}, {'break_quantity': 100, 'total_price': 3.73, 'unit_price': 0.0373}, {'break_quantity': 500, 'total_price': 13.38, 'unit_price': 0.02676}, {'break_quantity': 1000, 'total_price': 23.34, 'unit_price': 0.02334}];1138405;SC-76, SOD-323
EMG1:D2;1N4148DO35-10;1N4148DO35-10;DO35-10;DIODE;https://www.digikey.ca/en/products/detail/onsemi/1N4148/458603;1N4148;https://www.mccsemi.com/pdf/Products/1N4148WX(SOD-323).pdf;DIODE STANDARD 75V 150MA SOD323;MCC (Micro Commercial Components);1N4148WXTPMSCT-ND;[{'break_quantity': 1, 'total_price': 0.1, 'unit_price': 0.1}, {'break_quantity': 10, 'total_price': 0.61, 'unit_price': 0.061}, {'break_quantity': 100, 'total_price': 3.73, 'unit_price': 0.0373}, {'break_quantity': 500, 'total_price': 13.38, 'unit_price': 0.02676}, {'break_quantity': 1000, 'total_price': 23.34, 'unit_price': 0.02334}];1138405;SC-76, SOD-323
EMG1:TM1;100k;TRIMPOTTC33X;TC33X;SMT trimmer potentiometer part number TC33X;https://www.digikey.ca/en/products/detail/bourns-inc/TC33X-2-104E/612859;TC33X-2-104E;https://www.bourns.com/docs/Product-Datasheets/TC33.pdf;TRIMMER 100KOHM 0.15W J LEAD TOP;Bourns Inc.;TC33X-104ECT-ND;[{'break_quantity': 1, 'total_price': 0.25, 'unit_price': 0.25}, {'break_quantity': 10, 'total_price': 2.13, 'unit_price': 0.213}, {'break_quantity': 25, 'total_price': 4.99, 'unit_price': 0.1996}, {'break_quantity': 50, 'total_price': 9.48, 'unit_price': 0.1896}, {'break_quantity': 100, 'total_price': 18.0, 'unit_price': 0.18}, {'break_quantity': 250, 'total_price': 42.0, 'unit_price': 0.168}, {'break_quantity': 500, 'total_price': 79.69, 'unit_price': 0.15938}, {'break_quantity': 1000, 'total_price': 151.19, 'unit_price': 0.15119}];61073;
EMG1:U$1;INA106U/2K5;INA106U/2K5;INA106U/2K5;Differential Amplifier;https://www.digikey.ca/en/products/detail/texas-instruments/INA106U-2K5/1509706?s=N4IgTCBcDaIJIDkCCBGADANgKoHowGkBWEAXQF8g;INA106U-2K5;https://www.ti.com/general/docs/suppproductinfo.tsp?distId=10&gotoUrl=https%3A%2F%2Fwww.ti.com%2Flit%2Fgpn%2Fina106;IC OPAMP DIFF 1 CIRCUIT 8SOIC;Texas Instruments;296-44259-1-ND;[{'break_quantity': 1, 'total_price': 11.03, 'unit_price': 11.03}, {'break_quantity': 10, 'total_price': 86.36, 'unit_price': 8.636}, {'break_quantity': 25, 'total_price': 200.92, 'unit_price': 8.0368}, {'break_quantity': 100, 'total_price': 737.85, 'unit_price': 7.3785}, {'break_quantity': 250, 'total_price': 1766.16, 'unit_price': 7.06464}, {'break_quantity': 500, 'total_price': 3437.72, 'unit_price': 6.87544}, {'break_quantity': 1000, 'total_price': 6719.74, 'unit_price': 6.71974}];1981;"8-SOIC (0.154"", 3.90mm Width)"
EMG1:U$7;RNCS0805BKE150K;RNCS0805BKE150K;RNCS0805BKE150K;150K Resistor 0.1% 1/10W;https://www.digikey.ca/en/products/detail/stackpole-electronics-inc/RNCS0805BKE150K/1800071;RNCS0805BKE150K;https://www.seielect.com/catalog/SEI-RNCS.pdf;RES 150K OHM 0.1% 1/10W 0805;Stackpole Electronics Inc;738-RNCS0805BKE150KCT-ND;[{'break_quantity': 1, 'total_price': 0.17, 'unit_price': 0.17}, {'break_quantity': 10, 'total_price': 1.45, 'unit_price': 0.145}, {'break_quantity': 25, 'total_price': 3.35, 'unit_price': 0.134}, {'break_quantity': 50, 'total_price': 6.33, 'unit_price': 0.1266}, {'break_quantity': 100, 'total_price': 11.97, 'unit_price': 0.1197}, {'break_quantity': 250, 'total_price': 27.79, 'unit_price': 0.11116}, {'break_quantity': 500, 'total_price': 52.65, 'unit_price': 0.1053}];1930;0805 (2012 Metric)
EMG1:U$8;TAP105J035SCS;TAP105J035SCS;TAP105J035SCS;1uF Tantalum Capacitor Polarized 5% 35V;https://www.digikey.ca/en/products/detail/kyocera-avx/TAP105J035SCS/1471024;TAP105J035SCS;https://datasheets.kyocera-avx.com/tap.pdf;CAP TANT 1UF 5% 35V RADIAL;KYOCERA AVX;478-TAP105J035SCS-ND;[{'break_quantity': 1, 'total_price': 0.83, 'unit_price': 0.83}, {'break_quantity': 10, 'total_price': 5.24, 'unit_price': 0.524}, {'break_quantity': 50, 'total_price': 20.16, 'unit_price': 0.4032}, {'break_quantity': 100, 'total_price': 36.6, 'unit_price': 0.366}, {'break_quantity': 500, 'total_price': 151.68, 'unit_price': 0.30336}, {'break_quantity': 1000, 'total_price': 283.98, 'unit_price': 0.28398}, {'break_quantity': 3000, 'total_price': 780.15, 'unit_price': 0.26005}, {'break_quantity': 5000, 'total_price': 1256.0, 'unit_price': 0.2512}];2729;Radial
EMG1:U$9;RNCF0402BTE10K0;RNCF0402BTE10K0;RNCF0402BTE10K0;10K Resistor 0.1% 1/10W;https://www.digikey.ca/en/products/detail/stackpole-electronics-inc/RNCF0402BTE10K0/1710765;RNCF0402BTE10K0;https://www.seielect.com/catalog/SEI-RNCF.pdf;RES SMD 10K OHM 0.1% 1/10W 0402;Stackpole Electronics Inc;RNCF0402BTE10K0CT-ND;[{'break_quantity': 1, 'total_price': 0.1, 'unit_price': 0.1}, {'break_quantity': 10, 'total_price': 0.7, 'unit_price': 0.07}, {'break_quantity': 25, 'total_price': 1.6, 'unit_price': 0.064}, {'break_quantity': 50, 'total_price': 3.17, 'unit_price': 0.0634}, {'break_quantity': 100, 'total_price': 5.88, 'unit_price': 0.0588}, {'break_quantity': 250, 'total_price': 13.39, 'unit_price': 0.05356}, {'break_quantity': 500, 'total_price': 26.37, 'unit_price': 0.05274}, {'break_quantity': 1000, 'total_price': 47.05, 'unit_price': 0.04705}];4597;0402 (1005 Metric)
EMG1:U$10;C410C105K5R5TA7200;C410C105K5R5TA7200;C410C105K5R5TA7200;Capacitor Ceramic Disc 1 uF 10% 50V;https://www.digikey.ca/en/products/detail/kemet/C410C105K5R5TA7200/6687910;C410C105K5R5TA7200;https://search.kemet.com/download/datasheet/C410C105K5R5TA7200;CAP CER 1UF 50V X7R AXIAL;KEMET;399-C410C105K5R5TA7200CT-ND;[{'break_quantity': 1, 'total_price': 0.47, 'unit_price': 0.47}, {'break_quantity': 10, 'total_price': 2.86, 'unit_price': 0.286}, {'break_quantity': 50, 'total_price': 10.51, 'unit_price': 0.2102}, {'break_quantity': 100, 'total_price': 16.8, 'unit_price': 0.168}, {'break_quantity': 500, 'total_price': 76.81, 'unit_price': 0.15362}, {'break_quantity': 1000, 'total_price': 142.03, 'unit_price': 0.14203}, {'break_quantity': 2500, 'total_price': 324.525, 'unit_price': 0.12981}];17061;Axial
EMG1:U$11;C0805C103F5GECTU;C0805C103F5GECTU;C0805C103F5GECTU;Capacitor Ceramic Disc 0.01 uF 1% 50V;https://www.digikey.ca/en/products/detail/kemet/C0805C103F5GECTU/8644430;C0805C103F5GECTU;https://search.kemet.com/download/datasheet/C0805C103F5GEC7800;CAP CER 0805 10NF 50V C0G 1%;KEMET;399-C0805C103F5GECTUCT-ND;[{'break_quantity': 1, 'total_price': 1.4, 'unit_price': 1.4}, {'break_quantity': 10, 'total_price': 9.22, 'unit_price': 0.922}, {'break_quantity': 50, 'total_price': 36.57, 'unit_price': 0.7314}, {'break_quantity': 100, 'total_price': 67.28, 'unit_price': 0.6728}, {'break_quantity': 500, 'total_price': 286.8, 'unit_price': 0.5736}, {'break_quantity': 1000, 'total_price': 542.92, 'unit_price': 0.54292}];683;0805 (2012 Metric)
EMG1:U$12;RNCF0603BKC1M00;RNCF0603BKC1M00;RNCF0603BKC1M00;1M Resistor 0.1% 1/10W;https://www.digikey.ca/en/products/detail/stackpole-electronics-inc/RNCF0603BKC1M00/6260857;RNCF0603BKC1M00;https://www.seielect.com/catalog/SEI-RNCF.pdf;RES SMD 1M OHM 0.1% 1/10W 0603;Stackpole Electronics Inc;RNCF0603BKC1M00CT-ND;[{'break_quantity': 1, 'total_price': 0.11, 'unit_price': 0.11}, {'break_quantity': 10, 'total_price': 0.84, 'unit_price': 0.084}, {'break_quantity': 25, 'total_price': 1.97, 'unit_price': 0.0788}, {'break_quantity': 50, 'total_price': 3.76, 'unit_price': 0.0752}, {'break_quantity': 100, 'total_price': 6.98, 'unit_price': 0.0698}, {'break_quantity': 250, 'total_price': 16.51, 'unit_price': 0.06604}];7470;0603 (1608 Metric)
EMG1:U$13;RNCF0603BKC1M00;RNCF0603BKC1M00;RNCF0603BKC1M00;1M Resistor 0.1% 1/10W;https://www.digikey.ca/en/products/detail/stackpole-electronics-inc/RNCF0603BKC1M00/6260857;RNCF0603BKC1M00;https://www.seielect.com/catalog/SEI-RNCF.pdf;RES SMD 1M OHM 0.1% 1/10W 0603;Stackpole Electronics Inc;RNCF0603BKC1M00CT-ND;[{'break_quantity': 1, 'total_price': 0.11, 'unit_price': 0.11}, {'break_quantity': 10, 'total_price': 0.84, 'unit_price': 0.084}, {'break_quantity': 25, 'total_price': 1.97, 'unit_price': 0.0788}, {'break_quantity': 50, 'total_price': 3.76, 'unit_price': 0.0752}, {'break_quantity': 100, 'total_price': 6.98, 'unit_price': 0.0698}, {'break_quantity': 250, 'total_price': 16.51, 'unit_price': 0.06604}];7470;0603 (1608 Metric)
EMG1:U$14;RNCF0402BTE10K0;RNCF0402BTE10K0;RNCF0402BTE10K0;10K Resistor 0.1% 1/10W;https://www.digikey.ca/en/products/detail/stackpole-electronics-inc/RNCF0402BTE10K0/1710765;RNCF0402BTE10K0;https://www.seielect.com/catalog/SEI-RNCF.pdf;RES SMD 10K OHM 0.1% 1/10W 0402;Stackpole Electronics Inc;RNCF0402BTE10K0CT-ND;[{'break_quantity': 1, 'total_price': 0.1, 'unit_price': 0.1}, {'break_quantity': 10, 'total_price': 0.7, 'unit_price': 0.07}, {'break_quantity': 25, 'total_price': 1.6, 'unit_price': 0.064}, {'break_quantity': 50, 'total_price': 3.17, 'unit_price': 0.0634}, {'break_quantity': 100, 'total_price': 5.88, 'unit_price': 0.0588}, {'break_quantity': 250, 'total_price': 13.39, 'unit_price': 0.05356}, {'break_quantity': 500, 'total_price': 26.37, 'unit_price': 0.05274}, {'break_quantity': 1000, 'total_price': 47.05, 'unit_price': 0.04705}];4597;0402 (1005 Metric)
EMG1:U$15;RNCS0805BKE150K;RNCS0805BKE150K;RNCS0805BKE150K;150K Resistor 0.1% 1/10W;https://www.digikey.ca/en/products/detail/stackpole-electronics-inc/RNCS0805BKE150K/1800071;RNCS0805BKE150K;https://www.seielect.com/catalog/SEI-RNCS.pdf;RES 150K OHM 0.1% 1/10W 0805;Stackpole Electronics Inc;738-RNCS0805BKE150KCT-ND;[{'break_quantity': 1, 'total_price': 0.17, 'unit_price': 0.17}, {'break_quantity': 10, 'total_price': 1.45, 'unit_price': 0.145}, {'break_quantity': 25, 'total_price': 3.35, 'unit_price': 0.134}, {'break_quantity': 50, 'total_price': 6.33, 'unit_price': 0.1266}, {'break_quantity': 100, 'total_price': 11.97, 'unit_price': 0.1197}, {'break_quantity': 250, 'total_price': 27.79, 'unit_price': 0.11116}, {'break_quantity': 500, 'total_price': 52.65, 'unit_price': 0.1053}];1930;0805 (2012 Metric)
EMG1:U$16;RNCS0805BKE150K;RNCS0805BKE150K;RNCS0805BKE150K;150K Resistor 0.1% 1/10W;https://www.digikey.ca/en/products/detail/stackpole-electronics-inc/RNCS0805BKE150K/1800071;RNCS0805BKE150K;https://www.seielect.com/catalog/SEI-RNCS.pdf;RES 150K OHM 0.1% 1/10W 0805;Stackpole Electronics Inc;738-RNCS0805BKE150KCT-ND;[{'break_quantity': 1, 'total_price': 0.17, 'unit_price': 0.17}, {'break_quantity': 10, 'total_price': 1.45, 'unit_price': 0.145}, {'break_quantity': 25, 'total_price': 3.35, 'unit_price': 0.134}, {'break_quantity': 50, 'total_price': 6.33, 'unit_price': 0.1266}, {'break_quantity': 100, 'total_price': 11.97, 'unit_price': 0.1197}, {'break_quantity': 250, 'total_price': 27.79, 'unit_price': 0.11116}, {'break_quantity': 500, 'total_price': 52.65, 'unit_price': 0.1053}];1930;0805 (2012 Metric)
EMG1:U$17;RNCF0402BTE10K0;RNCF0402BTE10K0;RNCF0402BTE10K0;10K Resistor 0.1% 1/10W;https://www.digikey.ca/en/products/detail/stackpole-electronics-inc/RNCF0402BTE10K0/1710765;RNCF0402BTE10K0;https://www.seielect.com/catalog/SEI-RNCF.pdf;RES SMD 10K OHM 0.1% 1/10W 0402;Stackpole Electronics Inc;RNCF0402BTE10K0CT-ND;[{'break_quantity': 1, 'total_price': 0.1, 'unit_price': 0.1}, {'break_quantity': 10, 'total_price': 0.7, 'unit_price': 0.07}, {'break_quantity': 25, 'total_price': 1.6, 'unit_price': 0.064}, {'break_quantity': 50, 'total_price': 3.17, 'unit_price': 0.0634}, {'break_quantity': 100, 'total_price': 5.88, 'unit_price': 0.0588}, {'break_quantity': 250, 'total_price': 13.39, 'unit_price': 0.05356}, {'break_quantity': 500, 'total_price': 26.37, 'unit_price': 0.05274}, {'break_quantity': 1000, 'total_price': 47.05, 'unit_price': 0.04705}];4597;0402 (1005 Metric)
EMG1:U$19;RNCF0402BTE10K0;RNCF0402BTE10K0;RNCF0402BTE10K0;10K Resistor 0.1% 1/10W;https://www.digikey.ca/en/products/detail/stackpole-electronics-inc/RNCF0402BTE10K0/1710765;RNCF0402BTE10K0;https://www.seielect.com/catalog/SEI-RNCF.pdf;RES SMD 10K OHM 0.1% 1/10W 0402;Stackpole Electronics Inc;RNCF0402BTE10K0CT-ND;[{'break_quantity': 1, 'total_price': 0.1, 'unit_price': 0.1}, {'break_quantity': 10, 'total_price': 0.7, 'unit_price': 0.07}, {'break_quantity': 25, 'total_price': 1.6, 'unit_price': 0.064}, {'break_quantity': 50, 'total_price': 3.17, 'unit_price': 0.0634}, {'break_quantity': 100, 'total_price': 5.88, 'unit_price': 0.0588}, {'break_quantity': 250, 'total_price': 13.39, 'unit_price': 0.05356}, {'break_quantity': 500, 'total_price': 26.37, 'unit_price': 0.05274}, {'break_quantity': 1000, 'total_price': 47.05, 'unit_price': 0.04705}];4597;0402 (1005 Metric)
EMG1:U$20;RNCF0402BTE10K0;RNCF0402BTE10K0;RNCF0402BTE10K0;10K Resistor 0.1% 1/10W;https://www.digikey.ca/en/products/detail/stackpole-electronics-inc/RNCF0402BTE10K0/1710765;RNCF0402BTE10K0;https://www.seielect.com/catalog/SEI-RNCF.pdf;RES SMD 10K OHM 0.1% 1/10W 0402;Stackpole Electronics Inc;RNCF0402BTE10K0CT-ND;[{'break_quantity': 1, 'total_price': 0.1, 'unit_price': 0.1}, {'break_quantity': 10, 'total_price': 0.7, 'unit_price': 0.07}, {'break_quantity': 25, 'total_price': 1.6, 'unit_price': 0.064}, {'break_quantity': 50, 'total_price': 3.17, 'unit_price': 0.0634}, {'break_quantity': 100, 'total_price': 5.88, 'unit_price': 0.0588}, {'break_quantity': 250, 'total_price': 13.39, 'unit_price': 0.05356}, {'break_quantity': 500, 'total_price': 26.37, 'unit_price': 0.05274}, {'break_quantity': 1000, 'total_price': 47.05, 'unit_price': 0.04705}];4597;0402 (1005 Metric)
EMG1:U$21;RNCF0402BTE10K0;RNCF0402BTE10K0;RNCF0402BTE10K0;10K Resistor 0.1% 1/10W;https://www.digikey.ca/en/products/detail/stackpole-electronics-inc/RNCF0402BTE10K0/1710765;RNCF0402BTE10K0;https://www.seielect.com/catalog/SEI-RNCF.pdf;RES SMD 10K OHM 0.1% 1/10W 0402;Stackpole Electronics Inc;RNCF0402BTE10K0CT-ND;[{'break_quantity': 1, 'total_price': 0.1, 'unit_price': 0.1}, {'break_quantity': 10, 'total_price': 0.7, 'unit_price': 0.07}, {'break_quantity': 25, 'total_price': 1.6, 'unit_price': 0.064}, {'break_quantity': 50, 'total_price': 3.17, 'unit_price': 0.0634}, {'break_quantity': 100, 'total_price': 5.88, 'unit_price': 0.0588}, {'break_quantity': 250, 'total_price': 13.39, 'unit_price': 0.05356}, {'break_quantity': 500, 'total_price': 26.37, 'unit_price': 0.05274}, {'break_quantity': 1000, 'total_price': 47.05, 'unit_price': 0.04705}];4597;0402 (1005 Metric)
EMG1:U$23;RNCF0805DTE82K0;RNCF0805DTE82K0;RNCF0805DTE82K0;82K Resistor 0.5% 1/4W;https://www.digikey.ca/en/products/detail/stackpole-electronics-inc/RNCF0805DTE82K0/6241983;RNCF0805DTE82K0;https://www.seielect.com/catalog/SEI-RNCF.pdf;RES SMD 82K OHM 0.5% 1/4W 0805;Stackpole Electronics Inc;738-RNCF0805DTE82K0CT-ND;[{'break_quantity': 1, 'total_price': 0.1, 'unit_price': 0.1}, {'break_quantity': 10, 'total_price': 0.29, 'unit_price': 0.029}, {'break_quantity': 25, 'total_price': 0.68, 'unit_price': 0.0272}, {'break_quantity': 50, 'total_price': 1.28, 'unit_price': 0.0256}, {'break_quantity': 100, 'total_price': 2.42, 'unit_price': 0.0242}, {'break_quantity': 250, 'total_price': 5.61, 'unit_price': 0.02244}, {'break_quantity': 500, 'total_price': 10.6, 'unit_price': 0.0212}, {'break_quantity': 1000, 'total_price': 20.05, 'unit_price': 0.02005}];5120;0805 (2012 Metric)
EMG1:U$24;RNCF0805DTE82K0;RNCF0805DTE82K0;RNCF0805DTE82K0;82K Resistor 0.5% 1/4W;https://www.digikey.ca/en/products/detail/stackpole-electronics-inc/RNCF0805DTE82K0/6241983;RNCF0805DTE82K0;https://www.seielect.com/catalog/SEI-RNCF.pdf;RES SMD 82K OHM 0.5% 1/4W 0805;Stackpole Electronics Inc;738-RNCF0805DTE82K0CT-ND;[{'break_quantity': 1, 'total_price': 0.1, 'unit_price': 0.1}, {'break_quantity': 10, 'total_price': 0.29, 'unit_price': 0.029}, {'break_quantity': 25, 'total_price': 0.68, 'unit_price': 0.0272}, {'break_quantity': 50, 'total_price': 1.28, 'unit_price': 0.0256}, {'break_quantity': 100, 'total_price': 2.42, 'unit_price': 0.0242}, {'break_quantity': 250, 'total_price': 5.61, 'unit_price': 0.02244}, {'break_quantity': 500, 'total_price': 10.6, 'unit_price': 0.0212}, {'break_quantity': 1000, 'total_price': 20.05, 'unit_price': 0.02005}];5120;0805 (2012 Metric)
EMG1:U$25;RNCF1206TKY1K00;RNCF1206TKY1K00;RNCF1206TKY1K00;1K Resistor 0.01% 1/4W;https://www.digikey.ca/en/products/detail/stackpole-electronics-inc/RNCF1206TKY1K00/2269703;RNCF1206TKY1K00;https://www.seielect.com/catalog/SEI-RNCF.pdf;RES SMD 1K OHM 0.01% 1/4W 1206;Stackpole Electronics Inc;RNCF1206TKY1K00CT-ND;[{'break_quantity': 1, 'total_price': 1.65, 'unit_price': 1.65}, {'break_quantity': 10, 'total_price': 13.44, 'unit_price': 1.344}, {'break_quantity': 25, 'total_price': 31.78, 'unit_price': 1.2712}, {'break_quantity': 50, 'total_price': 60.5, 'unit_price': 1.21}, {'break_quantity': 100, 'total_price': 111.03, 'unit_price': 1.1103}, {'break_quantity': 250, 'total_price': 266.74, 'unit_price': 1.06696}, {'break_quantity': 500, 'total_price': 508.9, 'unit_price': 1.0178}];7020;1206 (3216 Metric)
EMG1:U$26;TAP105J035SCS;TAP105J035SCS;TAP105J035SCS;1uF Tantalum Capacitor Polarized 5% 35V;https://www.digikey.ca/en/products/detail/kyocera-avx/TAP105J035SCS/1471024;TAP105J035SCS;https://datasheets.kyocera-avx.com/tap.pdf;CAP TANT 1UF 5% 35V RADIAL;KYOCERA AVX;478-TAP105J035SCS-ND;[{'break_quantity': 1, 'total_price': 0.83, 'unit_price': 0.83}, {'break_quantity': 10, 'total_price': 5.24, 'unit_price': 0.524}, {'break_quantity': 50, 'total_price': 20.16, 'unit_price': 0.4032}, {'break_quantity': 100, 'total_price': 36.6, 'unit_price': 0.366}, {'break_quantity': 500, 'total_price': 151.68, 'unit_price': 0.30336}, {'break_quantity': 1000, 'total_price': 283.98, 'unit_price': 0.28398}, {'break_quantity': 3000, 'total_price': 780.15, 'unit_price': 0.26005}, {'break_quantity': 5000, 'total_price': 1256.0, 'unit_price': 0.2512}];2729;Radial
EMG1:U1;TL072_SOIC;TL072_SOIC;SOIC127P600X175-8N;FET-Input Operational Amplifiers;https://www.digikey.ca/en/products/detail/texas-instruments/TL072HIDR/15205173?s=N4IgTCBcDaICoBkAMB2MAJAkgEQEogF0BfIA;TL072HIDR;https://www.ti.com/lit/ds/symlink/tl071h.pdf;IC OPAMP JFET 2 CIRCUIT 8SOIC;Texas Instruments;296-TL072HIDRCT-ND;[{'break_quantity': 1, 'total_price': 0.3, 'unit_price': 0.3}, {'break_quantity': 10, 'total_price': 2.09, 'unit_price': 0.209}, {'break_quantity': 25, 'total_price': 4.64, 'unit_price': 0.1856}, {'break_quantity': 100, 'total_price': 15.96, 'unit_price': 0.1596}, {'break_quantity': 250, 'total_price': 36.8, 'unit_price': 0.1472}, {'break_quantity': 500, 'total_price': 69.86, 'unit_price': 0.13972}, {'break_quantity': 1000, 'total_price': 133.57, 'unit_price': 0.13357}];1743;"8-SOIC (0.154"", 3.90mm Width)"
EMG1:U2;TL072_SOIC;TL072_SOIC;SOIC127P600X175-8N;FET-Input Operational Amplifiers;https://www.digikey.ca/en/products/detail/texas-instruments/TL072HIDR/15205173?s=N4IgTCBcDaICoBkAMB2MAJAkgEQEogF0BfIA;TL072HIDR;https://www.ti.com/lit/ds/symlink/tl071h.pdf;IC OPAMP JFET 2 CIRCUIT 8SOIC;Texas Instruments;296-TL072HIDRCT-ND;[{'break_quantity': 1, 'total_price': 0.3, 'unit_price': 0.3}, {'break_quantity': 10, 'total_price': 2.09, 'unit_price': 0.209}, {'break_quantity': 25, 'total_price': 4.64, 'unit_price': 0.1856}, {'break_quantity': 100, 'total_price': 15.96, 'unit_price': 0.1596}, {'break_quantity': 250, 'total_price': 36.8, 'unit_price': 0.1472}, {'break_quantity': 500, 'total_price': 69.86, 'unit_price': 0.13972}, {'break_quantity': 1000, 'total_price': 133.57, 'unit_price': 0.13357}];1743;"8-SOIC (0.154"", 3.90mm Width)"
EMG1:U3;TL072_SOIC;TL072_SOIC;SOIC127P600X175-8N;FET-Input Operational Amplifiers;https://www.digikey.ca/en/products/detail/texas-instruments/TL072HIDR/15205173?s=N4IgTCBcDaICoBkAMB2MAJAkgEQEogF0BfIA;TL072HIDR;https://www.ti.com/lit/ds/symlink/tl071h.pdf;IC OPAMP JFET 2 CIRCUIT 8SOIC;Texas Instruments;296-TL072HIDRCT-ND;[{'break_quantity': 1, 'total_price': 0.3, 'unit_price': 0.3}, {'break_quantity': 10, 'total_price': 2.09, 'unit_price': 0.209}, {'break_quantity': 25, 'total_price': 4.64, 'unit_price': 0.1856}, {'break_quantity': 100, 'total_price': 15.96, 'unit_price': 0.1596}, {'break_quantity': 250, 'total_price': 36.8, 'unit_price': 0.1472}, {'break_quantity': 500, 'total_price': 69.86, 'unit_price': 0.13972}, {'break_quantity': 1000, 'total_price': 133.57, 'unit_price': 0.13357}];1743;"8-SOIC (0.154"", 3.90mm Width)"
ESP1:C1;0.1 uF;GRM033C70J104KE14D;CAPC0603X33N;;https://www.digikey.ca/en/products/detail/murata-electronics/GRM033C70J104KE14D/8323487;GRM033C70J104KE14D;https://search.murata.co.jp/Ceramy/image/img/A01X/G101/ENG/GRM033C70J104KE14-01A.pdf;CAP CER 0.1UF 6.3V X7S 0201;Murata Electronics;490-17675-1-ND;[{'break_quantity': 1, 'total_price': 0.08, 'unit_price': 0.08}, {'break_quantity': 10, 'total_price': 0.05, 'unit_price': 0.005}, {'break_quantity': 50, 'total_price': 0.22, 'unit_price': 0.0044}];121203;0201 (0603 Metric)
ESP1:C2;10 nF;GRM033R70J103KA01D;CAPC0603X33N;;https://www.digikey.ca/en/products/detail/murata-electronics/GRM033R70J103KA01D/587251;GRM033R70J103KA01D;https://search.murata.co.jp/Ceramy/image/img/A01X/G101/ENG/GRM033R70J103KA01-01.pdf;CAP CER 10000PF 6.3V X7R 0201;Murata Electronics;490-1262-1-ND;[{'break_quantity': 1, 'total_price': 0.08, 'unit_price': 0.08}, {'break_quantity': 10, 'total_price': 0.03, 'unit_price': 0.003}, {'break_quantity': 50, 'total_price': 0.14, 'unit_price': 0.0028}, {'break_quantity': 100, 'total_price': 0.24, 'unit_price': 0.0024}];144452;0201 (0603 Metric)
ESP1:C3;1 uF;CL03A105MQ3CSNCCAP_CL03_SAM;CAP_CL03_SAM;;https://www.digikey.ca/en/products/detail/samsung-electro-mechanics/CL03A105MQ3CSNC/3886983;CL03A105MQ3CSNC;//mm.digikey.com/Volume0/opasdata/d220001/medias/docus/41/CL03A105MQ3CSNC_Spec.pdf;CAP CER 1UF 6.3V X5R 0201;Samsung Electro-Mechanics;1276-1325-1-ND;[{'break_quantity': 1, 'total_price': 0.08, 'unit_price': 0.08}, {'break_quantity': 10, 'total_price': 0.06, 'unit_price': 0.006}, {'break_quantity': 50, 'total_price': 0.24, 'unit_price': 0.0048}, {'break_quantity': 100, 'total_price': 0.4, 'unit_price': 0.004}, {'break_quantity': 500, 'total_price': 1.66, 'unit_price': 0.00332}];1516032;0201 (0603 Metric)
ESP1:C4;0.1 uF;GRM033C70J104KE14D;CAPC0603X33N;;https://www.digikey.ca/en/products/detail/murata-electronics/GRM033C70J104KE14D/8323487;GRM033C70J104KE14D;https://search.murata.co.jp/Ceramy/image/img/A01X/G101/ENG/GRM033C70J104KE14-01A.pdf;CAP CER 0.1UF 6.3V X7S 0201;Murata Electronics;490-17675-1-ND;[{'break_quantity': 1, 'total_price': 0.08, 'unit_price': 0.08}, {'break_quantity': 10, 'total_price': 0.05, 'unit_price': 0.005}, {'break_quantity': 50, 'total_price': 0.22, 'unit_price': 0.0044}];121203;0201 (0603 Metric)
ESP1:C5;1 uF;CL03A105MQ3CSNCCAP_CL03_SAM;CAP_CL03_SAM;;https://www.digikey.ca/en/products/detail/samsung-electro-mechanics/CL03A105MQ3CSNC/3886983;CL03A105MQ3CSNC;//mm.digikey.com/Volume0/opasdata/d220001/medias/docus/41/CL03A105MQ3CSNC_Spec.pdf;CAP CER 1UF 6.3V X5R 0201;Samsung Electro-Mechanics;1276-1325-1-ND;[{'break_quantity': 1, 'total_price': 0.08, 'unit_price': 0.08}, {'break_quantity': 10, 'total_price': 0.06, 'unit_price': 0.006}, {'break_quantity': 50, 'total_price': 0.24, 'unit_price': 0.0048}, {'break_quantity': 100, 'total_price': 0.4, 'unit_price': 0.004}, {'break_quantity': 500, 'total_price': 1.66, 'unit_price': 0.00332}];1516032;0201 (0603 Metric)
ESP1:C6;0.1 uF;GRM033C70J104KE14D;CAPC0603X33N;;https://www.digikey.ca/en/products/detail/murata-electronics/GRM033C70J104KE14D/8323487;GRM033C70J104KE14D;https://search.murata.co.jp/Ceramy/image/img/A01X/G101/ENG/GRM033C70J104KE14-01A.pdf;CAP CER 0.1UF 6.3V X7S 0201;Murata Electronics;490-17675-1-ND;[{'break_quantity': 1, 'total_price': 0.08, 'unit_price': 0.08}, {'break_quantity': 10, 'total_price': 0.05, 'unit_price': 0.005}, {'break_quantity': 50, 'total_price': 0.22, 'unit_price': 0.0044}];121203;0201 (0603 Metric)
ESP1:C7;0.1 uF;GRM033C70J104KE14D;CAPC0603X33N;;https://www.digikey.ca/en/products/detail/murata-electronics/GRM033C70J104KE14D/8323487;GRM033C70J104KE14D;https://search.murata.co.jp/Ceramy/image/img/A01X/G101/ENG/GRM033C70J104KE14-01A.pdf;CAP CER 0.1UF 6.3V X7S 0201;Murata Electronics;490-17675-1-ND;[{'break_quantity': 1, 'total_price': 0.08, 'unit_price': 0.08}, {'break_quantity': 10, 'total_price': 0.05, 'unit_price': 0.005}, {'break_quantity': 50, 'total_price': 0.22, 'unit_price': 0.0044}];121203;0201 (0603 Metric)
ESP1:C8;0.1 uF;GRM033C70J104KE14D;CAPC0603X33N;;https://www.digikey.ca/en/products/detail/murata-electronics/GRM033C70J104KE14D/8323487;GRM033C70J104KE14D;https://search.murata.co.jp/Ceramy/image/img/A01X/G101/ENG/GRM033C70J104KE14-01A.pdf;CAP CER 0.1UF 6.3V X7S 0201;Murata Electronics;490-17675-1-ND;[{'break_quantity': 1, 'total_price': 0.08, 'unit_price': 0.08}, {'break_quantity': 10, 'total_price': 0.05, 'unit_price': 0.005}, {'break_quantity': 50, 'total_price': 0.22, 'unit_price': 0.0044}];121203;0201 (0603 Metric)
ESP1:C9;1 uF;CL03A105MQ3CSNCCAP_CL03_SAM;CAP_CL03_SAM;;https://www.digikey.ca/en/products/detail/samsung-electro-mechanics/CL03A105MQ3CSNC/3886983;CL03A105MQ3CSNC;//mm.digikey.com/Volume0/opasdata/d220001/medias/docus/41/CL03A105MQ3CSNC_Spec.pdf;CAP CER 1UF 6.3V X5R 0201;Samsung Electro-Mechanics;1276-1325-1-ND;[{'break_quantity': 1, 'total_price': 0.08, 'unit_price': 0.08}, {'break_quantity': 10, 'total_price': 0.06, 'unit_price': 0.006}, {'break_quantity': 50, 'total_price': 0.24, 'unit_price': 0.0048}, {'break_quantity': 100, 'total_price': 0.4, 'unit_price': 0.004}, {'break_quantity': 500, 'total_price': 1.66, 'unit_price': 0.00332}];1516032;0201 (0603 Metric)
ESP1:C10;10 nF;C0603C106M9PACTU;CAPC1608X90N;;https://www.digikey.ca/en/products/detail/kemet/C0603C106M9PACTU/1950664;C0603C106M9PACTU;https://search.kemet.com/download/datasheet/C0603C106M9PAC7867;CAP CER 10UF 6.3V X5R 0603;KEMET;399-C0603C106M9PACTUCT-ND;[{'break_quantity': 1, 'total_price': 0.28, 'unit_price': 0.28}, {'break_quantity': 10, 'total_price': 1.64, 'unit_price': 0.164}, {'break_quantity': 50, 'total_price': 5.97, 'unit_price': 0.1194}, {'break_quantity': 100, 'total_price': 9.2, 'unit_price': 0.092}, {'break_quantity': 500, 'total_price': 38.45, 'unit_price': 0.0769}, {'break_quantity': 1000, 'total_price': 65.26, 'unit_price': 0.06526}];399036;0603 (1608 Metric)
ESP1:C11;1 uF;CL03A105MQ3CSNCCAP_CL03_SAM;CAP_CL03_SAM;;https://www.digikey.ca/en/products/detail/samsung-electro-mechanics/CL03A105MQ3CSNC/3886983;CL03A105MQ3CSNC;//mm.digikey.com/Volume0/opasdata/d220001/medias/docus/41/CL03A105MQ3CSNC_Spec.pdf;CAP CER 1UF 6.3V X5R 0201;Samsung Electro-Mechanics;1276-1325-1-ND;[{'break_quantity': 1, 'total_price': 0.08, 'unit_price': 0.08}, {'break_quantity': 10, 'total_price': 0.06, 'unit_price': 0.006}, {'break_quantity': 50, 'total_price': 0.24, 'unit_price': 0.0048}, {'break_quantity': 100, 'total_price': 0.4, 'unit_price': 0.004}, {'break_quantity': 500, 'total_price': 1.66, 'unit_price': 0.00332}];1516032;0201 (0603 Metric)
ESP1:C12;15 pF;C0402C150J8HACTUCAPC10555_55N_KEM;CAPC10555_55N_KEM;;https://www.digikey.ca/en/products/detail/kemet/C0402C150J8HACTU/7945104;C0402C150J8HACTU;https://search.kemet.com/download/datasheet/C0402C150J8HAC7867;CAP CER 15PF 10V X8R 0402;KEMET;399-C0402C150J8HACTUCT-ND;[{'break_quantity': 1, 'total_price': 0.1, 'unit_price': 0.1}, {'break_quantity': 10, 'total_price': 0.32, 'unit_price': 0.032}, {'break_quantity': 50, 'total_price': 1.08, 'unit_price': 0.0216}, {'break_quantity': 100, 'total_price': 1.84, 'unit_price': 0.0184}, {'break_quantity': 500, 'total_price': 6.54, 'unit_price': 0.01308}, {'break_quantity': 1000, 'total_price': 11.47, 'unit_price': 0.01147}, {'break_quantity': 2500, 'total_price': 24.45, 'unit_price': 0.00978}, {'break_quantity': 5000, 'total_price': 43.8, 'unit_price': 0.00876}];38864;0402 (1005 Metric)
ESP1:C13;15 pF;C0402C150J8HACTUCAPC10555_55N_KEM;CAPC10555_55N_KEM;;https://www.digikey.ca/en/products/detail/kemet/C0402C150J8HACTU/7945104;C0402C150J8HACTU;https://search.kemet.com/download/datasheet/C0402C150J8HAC7867;CAP CER 15PF 10V X8R 0402;KEMET;399-C0402C150J8HACTUCT-ND;[{'break_quantity': 1, 'total_price': 0.1, 'unit_price': 0.1}, {'break_quantity': 10, 'total_price': 0.32, 'unit_price': 0.032}, {'break_quantity': 50, 'total_price': 1.08, 'unit_price': 0.0216}, {'break_quantity': 100, 'total_price': 1.84, 'unit_price': 0.0184}, {'break_quantity': 500, 'total_price': 6.54, 'unit_price': 0.01308}, {'break_quantity': 1000, 'total_price': 11.47, 'unit_price': 0.01147}, {'break_quantity': 2500, 'total_price': 24.45, 'unit_price': 0.00978}, {'break_quantity': 5000, 'total_price': 43.8, 'unit_price': 0.00876}];38864;0402 (1005 Metric)
ESP1:C14;10 uF;C0603C106M9PACTU;CAPC1608X90N;;https://www.digikey.ca/en/products/detail/kemet/C0603C106M9PACTU/1950664;C0603C106M9PACTU;https://search.kemet.com/download/datasheet/C0603C106M9PAC7867;CAP CER 10UF 6.3V X5R 0603;KEMET;399-C0603C106M9PACTUCT-ND;[{'break_quantity': 1, 'total_price': 0.28, 'unit_price': 0.28}, {'break_quantity': 10, 'total_price': 1.64, 'unit_price': 0.164}, {'break_quantity': 50, 'total_price': 5.97, 'unit_price': 0.1194}, {'break_quantity': 100, 'total_price': 9.2, 'unit_price': 0.092}, {'break_quantity': 500, 'total_price': 38.45, 'unit_price': 0.0769}, {'break_quantity': 1000, 'total_price': 65.26, 'unit_price': 0.06526}];399036;0603 (1608 Metric)
ESP1:C15;1 uF;CL03A105MQ3CSNCCAP_CL03_SAM;CAP_CL03_SAM;;https://www.digikey.ca/en/products/detail/samsung-electro-mechanics/CL03A105MQ3CSNC/3886983;CL03A105MQ3CSNC;//mm.digikey.com/Volume0/opasdata/d220001/medias/docus/41/CL03A105MQ3CSNC_Spec.pdf;CAP CER 1UF 6.3V X5R 0201;Samsung Electro-Mechanics;1276-1325-1-ND;[{'break_quantity': 1, 'total_price': 0.08, 'unit_price': 0.08}, {'break_quantity': 10, 'total_price': 0.06, 'unit_price': 0.006}, {'break_quantity': 50, 'total_price': 0.24, 'unit_price': 0.0048}, {'break_quantity': 100, 'total_price': 0.4, 'unit_price': 0.004}, {'break_quantity': 500, 'total_price': 1.66, 'unit_price': 0.00332}];1516032;0201 (0603 Metric)
ESP1:C16;TBD;885012005024_6.3V(DC);WCAP-CSGP_0402;;https://www.digikey.ca/en/products/detail/würth-elektronik/885012005024/5453295;885012005024;https://www.we-online.com/components/products/datasheet/885012005024.pdf;CAP CER 6.8PF 16V C0G/NP0 0402;Würth Elektronik;732-7440-1-ND;[{'break_quantity': 1, 'total_price': 0.1, 'unit_price': 0.1}, {'break_quantity': 10, 'total_price': 0.2, 'unit_price': 0.02}, {'break_quantity': 50, 'total_price': 0.68, 'unit_price': 0.0136}, {'break_quantity': 100, 'total_price': 1.14, 'unit_price': 0.0114}, {'break_quantity': 500, 'total_price': 3.98, 'unit_price': 0.00796}, {'break_quantity': 1000, 'total_price': 6.91, 'unit_price': 0.00691}, {'break_quantity': 2500, 'total_price': 14.5, 'unit_price': 0.0058}, {'break_quantity': 5000, 'total_price': 25.65, 'unit_price': 0.00513}];2446;0402 (1005 Metric)
ESP1:C17;TBD;885012005024_6.3V(DC);WCAP-CSGP_0402;;https://www.digikey.ca/en/products/detail/würth-elektronik/885012005024/5453295;885012005024;https://www.we-online.com/components/products/datasheet/885012005024.pdf;CAP CER 6.8PF 16V C0G/NP0 0402;Würth Elektronik;732-7440-1-ND;[{'break_quantity': 1, 'total_price': 0.1, 'unit_price': 0.1}, {'break_quantity': 10, 'total_price': 0.2, 'unit_price': 0.02}, {'break_quantity': 50, 'total_price': 0.68, 'unit_price': 0.0136}, {'break_quantity': 100, 'total_price': 1.14, 'unit_price': 0.0114}, {'break_quantity': 500, 'total_price': 3.98, 'unit_price': 0.00796}, {'break_quantity': 1000, 'total_price': 6.91, 'unit_price': 0.00691}, {'break_quantity': 2500, 'total_price': 14.5, 'unit_price': 0.0058}, {'break_quantity': 5000, 'total_price': 25.65, 'unit_price': 0.00513}];2446;0402 (1005 Metric)
ESP1:C18;TBD;885012005024_6.3V(DC);WCAP-CSGP_0402;;https://www.digikey.ca/en/products/detail/würth-elektronik/885012005024/5453295;885012005024;https://www.we-online.com/components/products/datasheet/885012005024.pdf;CAP CER 6.8PF 16V C0G/NP0 0402;Würth Elektronik;732-7440-1-ND;[{'break_quantity': 1, 'total_price': 0.1, 'unit_price': 0.1}, {'break_quantity': 10, 'total_price': 0.2, 'unit_price': 0.02}, {'break_quantity': 50, 'total_price': 0.68, 'unit_price': 0.0136}, {'break_quantity': 100, 'total_price': 1.14, 'unit_price': 0.0114}, {'break_quantity': 500, 'total_price': 3.98, 'unit_price': 0.00796}, {'break_quantity': 1000, 'total_price': 6.91, 'unit_price': 0.00691}, {'break_quantity': 2500, 'total_price': 14.5, 'unit_price': 0.0058}, {'break_quantity': 5000, 'total_price': 25.65, 'unit_price': 0.00513}];2446;0402 (1005 Metric)
ESP1:C19;TBD;885012005024_6.3V(DC);WCAP-CSGP_0402;;https://www.digikey.ca/en/products/detail/würth-elektronik/885012005024/5453295;885012005024;https://www.we-online.com/components/products/datasheet/885012005024.pdf;CAP CER 6.8PF 16V C0G/NP0 0402;Würth Elektronik;732-7440-1-ND;[{'break_quantity': 1, 'total_price': 0.1, 'unit_price': 0.1}, {'break_quantity': 10, 'total_price': 0.2, 'unit_price': 0.02}, {'break_quantity': 50, 'total_price': 0.68, 'unit_price': 0.0136}, {'break_quantity': 100, 'total_price': 1.14, 'unit_price': 0.0114}, {'break_quantity': 500, 'total_price': 3.98, 'unit_price': 0.00796}, {'break_quantity': 1000, 'total_price': 6.91, 'unit_price': 0.00691}, {'break_quantity': 2500, 'total_price': 14.5, 'unit_price': 0.0058}, {'break_quantity': 5000, 'total_price': 25.65, 'unit_price': 0.00513}];2446;0402 (1005 Metric)
ESP1:CR1;PESD4V0Y1BSFYLSOD962-2_NEX;PESD4V0Y1BSFYLSOD962-2_NEX;SOD962-2_NEX;;https://www.digikey.ca/en/products/detail/nexperia-usa-inc/PESD4V0Y1BSFYL/9326494;PESD4V0Y1BSFYL;https://assets.nexperia.com/documents/data-sheet/PESD4V0Y1BSF.pdf;TVS DIODE 4VWM 3.7VC DSN0603-2;Nexperia USA Inc.;1727-7840-1-ND;[{'break_quantity': 1, 'total_price': 0.17, 'unit_price': 0.17}, {'break_quantity': 10, 'total_price': 1.18, 'unit_price': 0.118}, {'break_quantity': 100, 'total_price': 5.3, 'unit_price': 0.053}, {'break_quantity': 500, 'total_price': 26.25, 'unit_price': 0.0525}, {'break_quantity': 1000, 'total_price': 52.0, 'unit_price': 0.052}];3988;0201 (0603 Metric)
ESP1:CR2;PESD4V0Y1BSFYLSOD962-2_NEX;PESD4V0Y1BSFYLSOD962-2_NEX;SOD962-2_NEX;;https://www.digikey.ca/en/products/detail/nexperia-usa-inc/PESD4V0Y1BSFYL/9326494;PESD4V0Y1BSFYL;https://assets.nexperia.com/documents/data-sheet/PESD4V0Y1BSF.pdf;TVS DIODE 4VWM 3.7VC DSN0603-2;Nexperia USA Inc.;1727-7840-1-ND;[{'break_quantity': 1, 'total_price': 0.17, 'unit_price': 0.17}, {'break_quantity': 10, 'total_price': 1.18, 'unit_price': 0.118}, {'break_quantity': 100, 'total_price': 5.3, 'unit_price': 0.053}, {'break_quantity': 500, 'total_price': 26.25, 'unit_price': 0.0525}, {'break_quantity': 1000, 'total_price': 52.0, 'unit_price': 0.052}];3988;0201 (0603 Metric)
ESP1:L1;2 nH;LQP03TN2N0B02D;INDC0603X33N;;https://www.digikey.ca/en/products/detail/murata-electronics/LQP03TN2N0B02D/2391741;LQP03TN2N0B02D;https://search.murata.co.jp/Ceramy/image/img/P02/JELF243C-0015.pdf;FIXED IND 2NH 600MA 150 MOHM SMD;Murata Electronics;490-6722-1-ND;[{'break_quantity': 1, 'total_price': 0.1, 'unit_price': 0.1}, {'break_quantity': 10, 'total_price': 0.29, 'unit_price': 0.029}, {'break_quantity': 100, 'total_price': 2.36, 'unit_price': 0.0236}, {'break_quantity': 1000, 'total_price': 19.38, 'unit_price': 0.01938}, {'break_quantity': 5000, 'total_price': 84.5, 'unit_price': 0.0169}];122867;0201 (0603 Metric)
ESP1:L2;LQW18AN24NJ00D;LQW18AN24NJ00D;INDC1608X100N;;https://www.digikey.ca/en/products/detail/murata-electronics/LQW18AN24NJ00D/2594996;LQW18AN24NJ00D;https://search.murata.co.jp/Ceramy/image/img/P02/JELF243A-0024.pdf;FIXED IND 24NH 500MA 0.21OHM SMD;Murata Electronics;490-6878-1-ND;[{'break_quantity': 1, 'total_price': 0.11, 'unit_price': 0.11}, {'break_quantity': 10, 'total_price': 0.9, 'unit_price': 0.09}, {'break_quantity': 100, 'total_price': 7.38, 'unit_price': 0.0738}, {'break_quantity': 1000, 'total_price': 60.68, 'unit_price': 0.06068}];4502;0603 (1608 Metric)
ESP1:L3;TBD;LQP03TN2N0B02D;INDC0603X33N;;https://www.digikey.ca/en/products/detail/murata-electronics/LQP03TN2N0B02D/2391741;LQP03TN2N0B02D;https://search.murata.co.jp/Ceramy/image/img/P02/JELF243C-0015.pdf;FIXED IND 2NH 600MA 150 MOHM SMD;Murata Electronics;490-6722-1-ND;[{'break_quantity': 1, 'total_price': 0.1, 'unit_price': 0.1}, {'break_quantity': 10, 'total_price': 0.29, 'unit_price': 0.029}, {'break_quantity': 100, 'total_price': 2.36, 'unit_price': 0.0236}, {'break_quantity': 1000, 'total_price': 19.38, 'unit_price': 0.01938}, {'break_quantity': 5000, 'total_price': 84.5, 'unit_price': 0.0169}];122867;0201 (0603 Metric)
ESP1:L4;TBD;LQP03TN2N0B02D;INDC0603X33N;;https://www.digikey.ca/en/products/detail/murata-electronics/LQP03TN2N0B02D/2391741;LQP03TN2N0B02D;https://search.murata.co.jp/Ceramy/image/img/P02/JELF243C-0015.pdf;FIXED IND 2NH 600MA 150 MOHM SMD;Murata Electronics;490-6722-1-ND;[{'break_quantity': 1, 'total_price': 0.1, 'unit_price': 0.1}, {'break_quantity': 10, 'total_price': 0.29, 'unit_price': 0.029}, {'break_quantity': 100, 'total_price': 2.36, 'unit_price': 0.0236}, {'break_quantity': 1000, 'total_price': 19.38, 'unit_price': 0.01938}, {'break_quantity': 5000, 'total_price': 84.5, 'unit_price': 0.0169}];122867;0201 (0603 Metric)
ESP1:SW1;PTS810;PTS810_SJM_250_SMTR_LFSPTS810_CNK;PTS810_CNK;;https://www.digikey.ca/en/products/detail/c-k/PTS810SJM250SMTR-LFS/4176610;PTS810SJM250SMTR-LFS;https://www.ckswitches.com/media/1476/pts810.pdf;SWITCH TACTILE SPST-NO 0.05A 16V;C&K;CKN10502CT-ND;[{'break_quantity': 1, 'total_price': 0.51, 'unit_price': 0.51}, {'break_quantity': 10, 'total_price': 4.42, 'unit_price': 0.442}, {'break_quantity': 25, 'total_price': 10.3, 'unit_price': 0.412}, {'break_quantity': 100, 'total_price': 36.82, 'unit_price': 0.3682}, {'break_quantity': 250, 'total_price': 85.26, 'unit_price': 0.34104}, {'break_quantity': 500, 'total_price': 160.95, 'unit_price': 0.3219}, {'break_quantity': 1000, 'total_price': 304.18, 'unit_price': 0.30418}];28122;
ESP1:SW2;PTS810;PTS810_SJM_250_SMTR_LFSPTS810_CNK;PTS810_CNK;;https://www.digikey.ca/en/products/detail/c-k/PTS810SJM250SMTR-LFS/4176610;PTS810SJM250SMTR-LFS;https://www.ckswitches.com/media/1476/pts810.pdf;SWITCH TACTILE SPST-NO 0.05A 16V;C&K;CKN10502CT-ND;[{'break_quantity': 1, 'total_price': 0.51, 'unit_price': 0.51}, {'break_quantity': 10, 'total_price': 4.42, 'unit_price': 0.442}, {'break_quantity': 25, 'total_price': 10.3, 'unit_price': 0.412}, {'break_quantity': 100, 'total_price': 36.82, 'unit_price': 0.3682}, {'break_quantity': 250, 'total_price': 85.26, 'unit_price': 0.34104}, {'break_quantity': 500, 'total_price': 160.95, 'unit_price': 0.3219}, {'break_quantity': 1000, 'total_price': 304.18, 'unit_price': 0.30418}];28122;
ESP1:U$1;RNCF0402BTE10K0;RNCF0402BTE10K0;RNCF0402BTE10K0;10K Resistor 0.1% 1/10W;https://www.digikey.ca/en/products/detail/stackpole-electronics-inc/RNCF0402BTE10K0/1710765;RNCF0402BTE10K0;https://www.seielect.com/catalog/SEI-RNCF.pdf;RES SMD 10K OHM 0.1% 1/10W 0402;Stackpole Electronics Inc;RNCF0402BTE10K0CT-ND;[{'break_quantity': 1, 'total_price': 0.1, 'unit_price': 0.1}, {'break_quantity': 10, 'total_price': 0.7, 'unit_price': 0.07}, {'break_quantity': 25, 'total_price': 1.6, 'unit_price': 0.064}, {'break_quantity': 50, 'total_price': 3.17, 'unit_price': 0.0634}, {'break_quantity': 100, 'total_price': 5.88, 'unit_price': 0.0588}, {'break_quantity': 250, 'total_price': 13.39, 'unit_price': 0.05356}, {'break_quantity': 500, 'total_price': 26.37, 'unit_price': 0.05274}, {'break_quantity': 1000, 'total_price': 47.05, 'unit_price': 0.04705}];4597;0402 (1005 Metric)
ESP1:U$2;RNCF0402BTE10K0;RNCF0402BTE10K0;RNCF0402BTE10K0;10K Resistor 0.1% 1/10W;https://www.digikey.ca/en/products/detail/stackpole-electronics-inc/RNCF0402BTE10K0/1710765;RNCF0402BTE10K0;https://www.seielect.com/catalog/SEI-RNCF.pdf;RES SMD 10K OHM 0.1% 1/10W 0402;Stackpole Electronics Inc;RNCF0402BTE10K0CT-ND;[{'break_quantity': 1, 'total_price': 0.1, 'unit_price': 0.1}, {'break_quantity': 10, 'total_price': 0.7, 'unit_price': 0.07}, {'break_quantity': 25, 'total_price': 1.6, 'unit_price': 0.064}, {'break_quantity': 50, 'total_price': 3.17, 'unit_price': 0.0634}, {'break_quantity': 100, 'total_price': 5.88, 'unit_price': 0.0588}, {'break_quantity': 250, 'total_price': 13.39, 'unit_price': 0.05356}, {'break_quantity': 500, 'total_price': 26.37, 'unit_price': 0.05274}, {'break_quantity': 1000, 'total_price': 47.05, 'unit_price': 0.04705}];4597;0402 (1005 Metric)
ESP1:U$3;RNCF0402BTE10K0;RNCF0402BTE10K0;RNCF0402BTE10K0;10K Resistor 0.1% 1/10W;https://www.digikey.ca/en/products/detail/stackpole-electronics-inc/RNCF0402BTE10K0/1710765;RNCF0402BTE10K0;https://www.seielect.com/catalog/SEI-RNCF.pdf;RES SMD 10K OHM 0.1% 1/10W 0402;Stackpole Electronics Inc;RNCF0402BTE10K0CT-ND;[{'break_quantity': 1, 'total_price': 0.1, 'unit_price': 0.1}, {'break_quantity': 10, 'total_price': 0.7, 'unit_price': 0.07}, {'break_quantity': 25, 'total_price': 1.6, 'unit_price': 0.064}, {'break_quantity': 50, 'total_price': 3.17, 'unit_price': 0.0634}, {'break_quantity': 100, 'total_price': 5.88, 'unit_price': 0.0588}, {'break_quantity': 250, 'total_price': 13.39, 'unit_price': 0.05356}, {'break_quantity': 500, 'total_price': 26.37, 'unit_price': 0.05274}, {'break_quantity': 1000, 'total_price': 47.05, 'unit_price': 0.04705}];4597;0402 (1005 Metric)
ESP1:U$4;RNCF0402BTE10K0;RNCF0402BTE10K0;RNCF0402BTE10K0;10K Resistor 0.1% 1/10W;https://www.digikey.ca/en/products/detail/stackpole-electronics-inc/RNCF0402BTE10K0/1710765;RNCF0402BTE10K0;https://www.seielect.com/catalog/SEI-RNCF.pdf;RES SMD 10K OHM 0.1% 1/10W 0402;Stackpole Electronics Inc;RNCF0402BTE10K0CT-ND;[{'break_quantity': 1, 'total_price': 0.1, 'unit_price': 0.1}, {'break_quantity': 10, 'total_price': 0.7, 'unit_price': 0.07}, {'break_quantity': 25, 'total_price': 1.6, 'unit_price': 0.064}, {'break_quantity': 50, 'total_price': 3.17, 'unit_price': 0.0634}, {'break_quantity': 100, 'total_price': 5.88, 'unit_price': 0.0588}, {'break_quantity': 250, 'total_price': 13.39, 'unit_price': 0.05356}, {'break_quantity': 500, 'total_price': 26.37, 'unit_price': 0.05274}, {'break_quantity': 1000, 'total_price': 47.05, 'unit_price': 0.04705}];4597;0402 (1005 Metric)
ESP1:U2;ESP32-S3FN8;ESP32-S3FN8;QFN40P700X700X90-57N;Check availability;https://www.digikey.ca/en/products/detail/espressif-systems/ESP32-S3FN8/15822446;ESP32-S3FN8;https://www.espressif.com/sites/default/files/documentation/esp32-s3_datasheet_en.pdf;IC RF TXRX+MCU BLE 56QFN;Espressif Systems;1965-ESP32-S3FN8CT-ND;[{'break_quantity': 1, 'total_price': 4.05, 'unit_price': 4.05}, {'break_quantity': 10, 'total_price': 34.99, 'unit_price': 3.499}, {'break_quantity': 25, 'total_price': 82.71, 'unit_price': 3.3084}, {'break_quantity': 100, 'total_price': 304.56, 'unit_price': 3.0456}, {'break_quantity': 250, 'total_price': 722.03, 'unit_price': 2.88812}, {'break_quantity': 500, 'total_price': 1388.44, 'unit_price': 2.77688}, {'break_quantity': 1000, 'total_price': 2672.07, 'unit_price': 2.67207}];3165;56-VFQFN Exposed Pad
ESP1:Y1;40 MHz;ECS-400-10-37B2-CKY-TR;XTAL_ECS-400-10-37B2-CKY-TR;;https://www.digikey.ca/en/products/detail/ecs-inc/ECS-400-10-37B2-CKY-TR/14548829;ECS-400-10-37B2-CKY-TR;https://ecsxtal.com/store/pdf/ECX-1637B2.pdf;CRYSTAL 40.0000MHZ 10PF SMD;ECS Inc.;50-ECS-400-10-37B2-CKY-TRCT-ND;[{'break_quantity': 1, 'total_price': 0.37, 'unit_price': 0.37}, {'break_quantity': 10, 'total_price': 3.22, 'unit_price': 0.322}, {'break_quantity': 25, 'total_price': 7.62, 'unit_price': 0.3048}, {'break_quantity': 50, 'total_price': 14.61, 'unit_price': 0.2922}, {'break_quantity': 100, 'total_price': 28.01, 'unit_price': 0.2801}, {'break_quantity': 250, 'total_price': 66.23, 'unit_price': 0.26492}, {'break_quantity': 500, 'total_price': 126.98, 'unit_price': 0.25396}, {'break_quantity': 1000, 'total_price': 243.45, 'unit_price': 0.24345}];15229;4-SMD, No Lead
IMU1:U1;9DoF IMU;ICM-20948;QFN24-3X3-ICM-20948;ICM-20948 9 Degree of Freedom IMU;https://www.digikey.ca/en/products/detail/tdk-invensense/ICM-20948/6623535;ICM-20948;https://invensense.tdk.com/wp-content/uploads/2024/03/DS-000189-ICM-20948-v1.6.pdf;IMU ACCEL/GYRO/COMPI2C/SPI 24QFN;TDK InvenSense;1428-1123-1-ND;[{'break_quantity': 1, 'total_price': 6.78, 'unit_price': 6.78}, {'break_quantity': 5, 'total_price': 30.54, 'unit_price': 6.108}, {'break_quantity': 10, 'total_price': 58.58, 'unit_price': 5.858}, {'break_quantity': 25, 'total_price': 139.02, 'unit_price': 5.5608}, {'break_quantity': 50, 'total_price': 267.86, 'unit_price': 5.3572}, {'break_quantity': 100, 'total_price': 517.07, 'unit_price': 5.1707}, {'break_quantity': 500, 'total_price': 2478.6, 'unit_price': 4.9572}];27502;24-TFQFN Module Exposed Pad
PWR1:3.3VLDO1:C5;1 uF;CL03A105MQ3CSNCCAP_CL03_SAM;CAP_CL03_SAM;;https://www.digikey.ca/en/products/detail/samsung-electro-mechanics/CL03A105MQ3CSNC/3886983;CL03A105MQ3CSNC;//mm.digikey.com/Volume0/opasdata/d220001/medias/docus/41/CL03A105MQ3CSNC_Spec.pdf;CAP CER 1UF 6.3V X5R 0201;Samsung Electro-Mechanics;1276-1325-1-ND;[{'break_quantity': 1, 'total_price': 0.08, 'unit_price': 0.08}, {'break_quantity': 10, 'total_price': 0.06, 'unit_price': 0.006}, {'break_quantity': 50, 'total_price': 0.24, 'unit_price': 0.0048}, {'break_quantity': 100, 'total_price': 0.4, 'unit_price': 0.004}, {'break_quantity': 500, 'total_price': 1.66, 'unit_price': 0.00332}];1516032;0201 (0603 Metric)
PWR1:3.3VLDO1:C6;1 uF;CL03A105MQ3CSNCCAP_CL03_SAM;CAP_CL03_SAM;;https://www.digikey.ca/en/products/detail/samsung-electro-mechanics/CL03A105MQ3CSNC/3886983;CL03A105MQ3CSNC;//mm.digikey.com/Volume0/opasdata/d220001/medias/docus/41/CL03A105MQ3CSNC_Spec.pdf;CAP CER 1UF 6.3V X5R 0201;Samsung Electro-Mechanics;1276-1325-1-ND;[{'break_quantity': 1, 'total_price': 0.08, 'unit_price': 0.08}, {'break_quantity': 10, 'total_price': 0.06, 'unit_price': 0.006}, {'break_quantity': 50, 'total_price': 0.24, 'unit_price': 0.0048}, {'break_quantity': 100, 'total_price': 0.4, 'unit_price': 0.004}, {'break_quantity': 500, 'total_price': 1.66, 'unit_price': 0.00332}];1516032;0201 (0603 Metric)
PWR1:3.3VLDO1:U1;NCP167BMX330TBG;NCP167BMX330TBG;VREG_NCP167BMX330TBG;;https://www.digikey.ca/en/products/detail/onsemi/NCP167BMX330TBG/9169761;NCP167BMX330TBG;https://www.onsemi.com/pdf/datasheet/ncp167-d.pdf;IC REG LINEAR 3.3V 700MA 4-XDFN;onsemi;NCP167BMX330TBGOSCT-ND;[{'break_quantity': 1, 'total_price': 0.44, 'unit_price': 0.44}, {'break_quantity': 10, 'total_price': 3.08, 'unit_price': 0.308}, {'break_quantity': 25, 'total_price': 6.87, 'unit_price': 0.2748}, {'break_quantity': 100, 'total_price': 23.82, 'unit_price': 0.2382}, {'break_quantity': 250, 'total_price': 55.18, 'unit_price': 0.22072}, {'break_quantity': 500, 'total_price': 105.1, 'unit_price': 0.2102}, {'break_quantity': 1000, 'total_price': 201.51, 'unit_price': 0.20151}];171370;4-XDFN Exposed Pad
PWR1:5VBOOST1:C1;GRM033R70J103JA01D;GRM033R70J103JA01D;CAPC0603X33N;;https://www.digikey.ca/en/products/detail/murata-electronics/GRM033R70J103JA01D/7595460;GRM033R70J103JA01D;https://search.murata.co.jp/Ceramy/image/img/A01X/G101/ENG/GRM033R70J103JA01-01.pdf;CAP CER 10000PF 6.3V X7R 0201;Murata Electronics;490-16599-1-ND;[{'break_quantity': 1, 'total_price': 0.1, 'unit_price': 0.1}, {'break_quantity': 10, 'total_price': 0.17, 'unit_price': 0.017}, {'break_quantity': 50, 'total_price': 0.55, 'unit_price': 0.011}, {'break_quantity': 100, 'total_price': 0.93, 'unit_price': 0.0093}, {'break_quantity': 500, 'total_price': 3.22, 'unit_price': 0.00644}, {'break_quantity': 1000, 'total_price': 5.56, 'unit_price': 0.00556}, {'break_quantity': 2500, 'total_price': 11.6, 'unit_price': 0.00464}, {'break_quantity': 5000, 'total_price': 20.45, 'unit_price': 0.00409}];146400;0201 (0603 Metric)
PWR1:5VBOOST1:C3;22 uF;CL21A226KQCLRNC;CAPC2012X135N;;https://www.digikey.ca/en/products/detail/samsung-electro-mechanics/CL21A226KQCLRNC/5961171;CL21A226KQCLRNC;//mm.digikey.com/Volume0/opasdata/d220001/medias/docus/6808/1276_MLCC_Datasheet.pdf;CAP CER 22UF 6.3V X5R 0805;Samsung Electro-Mechanics;1276-6687-1-ND;[{'break_quantity': 1, 'total_price': 0.13, 'unit_price': 0.13}, {'break_quantity': 10, 'total_price': 0.74, 'unit_price': 0.074}, {'break_quantity': 50, 'total_price': 2.58, 'unit_price': 0.0516}, {'break_quantity': 100, 'total_price': 4.48, 'unit_price': 0.0448}, {'break_quantity': 500, 'total_price': 16.68, 'unit_price': 0.03336}, {'break_quantity': 1000, 'total_price': 29.86, 'unit_price': 0.02986}];1077810;0805 (2012 Metric)
PWR1:5VBOOST1:C4;22 uF;CL21A226KQCLRNC;CAPC2012X135N;;https://www.digikey.ca/en/products/detail/samsung-electro-mechanics/CL21A226KQCLRNC/5961171;CL21A226KQCLRNC;//mm.digikey.com/Volume0/opasdata/d220001/medias/docus/6808/1276_MLCC_Datasheet.pdf;CAP CER 22UF 6.3V X5R 0805;Samsung Electro-Mechanics;1276-6687-1-ND;[{'break_quantity': 1, 'total_price': 0.13, 'unit_price': 0.13}, {'break_quantity': 10, 'total_price': 0.74, 'unit_price': 0.074}, {'break_quantity': 50, 'total_price': 2.58, 'unit_price': 0.0516}, {'break_quantity': 100, 'total_price': 4.48, 'unit_price': 0.0448}, {'break_quantity': 500, 'total_price': 16.68, 'unit_price': 0.03336}, {'break_quantity': 1000, 'total_price': 29.86, 'unit_price': 0.02986}];1077810;0805 (2012 Metric)
PWR1:5VBOOST1:L1;P3519R-102JIND_P3519R_API;P3519R-102JIND_P3519R_API;IND_P3519R_API;;https://www.digikey.ca/en/products/detail/delevan/P3519R-102J/4895139?s=N4IgjCBcoMxaBjKAzAhgGwM4FMA0IB7KAbRACYBWABjnzADYAOAFhDrBggF18AHAFyggAyvwBOASwB2AcxABfOgE5GS%2BCCSQ0WPIRIgqILovJVGAdnWbtOfEUikwAAgCtACSN9BkEAFUpEvwA8sgAstiomACuYtgK%2BGRmjOoCQv6BIeGRMXH4UUIAgmwgALbSQmTxIAC0ldAaUOJRuvakFEYm1fRWjWLNdvq05B0mdaTSACZRCPwEYh1AA;P3519R-102J;https://www.delevan.com/-/media/Project/Altramotion/shared/files/Literature/brand/Delevan/pdf/powerinductor/surfacemount/shielded/p3519.pdf;FIXED IND 1UH 3A 33 MOHM SMD;Delevan;P3519R-102JCT-ND;[{'break_quantity': 1, 'total_price': 2.84, 'unit_price': 2.84}, {'break_quantity': 10, 'total_price': 23.36, 'unit_price': 2.336}];99;Nonstandard
PWR1:5VBOOST1:R3;1M;RNCF0603BKC1M00;RESC1508X55N;;https://www.digikey.ca/en/products/detail/stackpole-electronics-inc/RNCF0603BKC1M00/6260857;RNCF0603BKC1M00;https://www.seielect.com/catalog/SEI-RNCF.pdf;RES SMD 1M OHM 0.1% 1/10W 0603;Stackpole Electronics Inc;RNCF0603BKC1M00CT-ND;[{'break_quantity': 1, 'total_price': 0.11, 'unit_price': 0.11}, {'break_quantity': 10, 'total_price': 0.84, 'unit_price': 0.084}, {'break_quantity': 25, 'total_price': 1.97, 'unit_price': 0.0788}, {'break_quantity': 50, 'total_price': 3.76, 'unit_price': 0.0752}, {'break_quantity': 100, 'total_price': 6.98, 'unit_price': 0.0698}, {'break_quantity': 250, 'total_price': 16.51, 'unit_price': 0.06604}];7470;0603 (1608 Metric)
PWR1:5VBOOST1:U3;TPS61232DRCT;TPS61232DRCT;VREG_V62/16624-01YE;;https://www.digikey.ca/en/products/detail/texas-instruments/TPS61232DRCT/4924051;TPS61232DRCT;https://www.ti.com/general/docs/suppproductinfo.tsp?distId=10&gotoUrl=https%3A%2F%2Fwww.ti.com%2Flit%2Fgpn%2Ftps61232;IC REG BOOST 5V 5A 10VSON;Texas Instruments;296-37990-1-ND;[{'break_quantity': 1, 'total_price': 3.26, 'unit_price': 3.26}, {'break_quantity': 10, 'total_price': 24.45, 'unit_price': 2.445}, {'break_quantity': 25, 'total_price': 56.05, 'unit_price': 2.242}, {'break_quantity': 100, 'total_price': 201.87, 'unit_price': 2.0187}];1108;10-VFDFN Exposed Pad
PWR1:9VINVBSTBCK1:C7;4.7 uF (6.3V);CL10B475KQ8NQNCCAP_CL10_SAM;CAP_CL10_SAM;;https://www.digikey.ca/en/products/detail/samsung-electro-mechanics/CL10B475KQ8NQNC/3887745;CL10B475KQ8NQNC;//mm.digikey.com/Volume0/opasdata/d220001/medias/docus/658/CL10B475KQ8NQNC_Spec.pdf;CAP CER 4.7UF 6.3V X7R 0603;Samsung Electro-Mechanics;1276-2087-1-ND;[{'break_quantity': 1, 'total_price': 0.13, 'unit_price': 0.13}, {'break_quantity': 10, 'total_price': 0.75, 'unit_price': 0.075}, {'break_quantity': 50, 'total_price': 2.64, 'unit_price': 0.0528}, {'break_quantity': 100, 'total_price': 4.58, 'unit_price': 0.0458}, {'break_quantity': 500, 'total_price': 17.09, 'unit_price': 0.03418}, {'break_quantity': 1000, 'total_price': 30.61, 'unit_price': 0.03061}];70859;0603 (1608 Metric)
PWR1:9VINVBSTBCK1:C8;4.7 uF (6.3V);CL10B475KQ8NQNCCAP_CL10_SAM;CAP_CL10_SAM;;https://www.digikey.ca/en/products/detail/samsung-electro-mechanics/CL10B475KQ8NQNC/3887745;CL10B475KQ8NQNC;//mm.digikey.com/Volume0/opasdata/d220001/medias/docus/658/CL10B475KQ8NQNC_Spec.pdf;CAP CER 4.7UF 6.3V X7R 0603;Samsung Electro-Mechanics;1276-2087-1-ND;[{'break_quantity': 1, 'total_price': 0.13, 'unit_price': 0.13}, {'break_quantity': 10, 'total_price': 0.75, 'unit_price': 0.075}, {'break_quantity': 50, 'total_price': 2.64, 'unit_price': 0.0528}, {'break_quantity': 100, 'total_price': 4.58, 'unit_price': 0.0458}, {'break_quantity': 500, 'total_price': 17.09, 'unit_price': 0.03418}, {'break_quantity': 1000, 'total_price': 30.61, 'unit_price': 0.03061}];70859;0603 (1608 Metric)
PWR1:9VINVBSTBCK1:C9;10 nF (16V);KGM05AR71C103JH0402_AVX;0402_AVX;;https://www.digikey.ca/en/products/detail/kyocera-avx/KGM05AR71C103JH/1116188;KGM05AR71C103JH;https://datasheets.kyocera-avx.com/KGM_X7R.pdf;CAP CER 10000PF 16V X7R 0402;KYOCERA AVX;478-KGM05AR71C103JHCT-ND;[{'break_quantity': 1, 'total_price': 0.1, 'unit_price': 0.1}, {'break_quantity': 10, 'total_price': 0.31, 'unit_price': 0.031}, {'break_quantity': 50, 'total_price': 1.05, 'unit_price': 0.021}, {'break_quantity': 100, 'total_price': 1.8, 'unit_price': 0.018}, {'break_quantity': 500, 'total_price': 6.4, 'unit_price': 0.0128}, {'break_quantity': 1000, 'total_price': 11.21, 'unit_price': 0.01121}, {'break_quantity': 2500, 'total_price': 23.875, 'unit_price': 0.00955}, {'break_quantity': 5000, 'total_price': 42.75, 'unit_price': 0.00855}];461164;0402 (1005 Metric)
PWR1:9VINVBSTBCK1:C10;4.7 nF (50V);C0603C472F5GACTU;CAPC1608X87N;;https://www.digikey.ca/en/products/detail/kemet/C0603C472F5GACTU/2200828;C0603C472F5GACTU;https://search.kemet.com/download/datasheet/C0603C472F5GAC7867;CAP CER 4700PF 50V C0G/NP0 0603;KEMET;399-C0603C472F5GACTUCT-ND;[{'break_quantity': 1, 'total_price': 1.29, 'unit_price': 1.29}, {'break_quantity': 10, 'total_price': 7.87, 'unit_price': 0.787}, {'break_quantity': 50, 'total_price': 32.04, 'unit_price': 0.6408}, {'break_quantity': 100, 'total_price': 56.28, 'unit_price': 0.5628}, {'break_quantity': 500, 'total_price': 259.09, 'unit_price': 0.51818}, {'break_quantity': 1000, 'total_price': 489.66, 'unit_price': 0.48966}];19664;0603 (1608 Metric)
PWR1:9VINVBSTBCK1:C11;22 uF (25V);CL32B226KAJNNNE;ANTC3225X280N;;https://www.digikey.ca/en/products/detail/samsung-electro-mechanics/CL32B226KAJNNNE/3889050;CL32B226KAJNNNE;//mm.digikey.com/Volume0/opasdata/d220001/medias/docus/797/CL32B226KAJNNNE_Spec.pdf;CAP CER 22UF 25V X7R 1210;Samsung Electro-Mechanics;1276-3392-1-ND;[{'break_quantity': 1, 'total_price': 0.56, 'unit_price': 0.56}, {'break_quantity': 10, 'total_price': 3.46, 'unit_price': 0.346}, {'break_quantity': 50, 'total_price': 13.03, 'unit_price': 0.2606}, {'break_quantity': 100, 'total_price': 23.36, 'unit_price': 0.2336}, {'break_quantity': 500, 'total_price': 95.21, 'unit_price': 0.19042}];333455;1210 (3225 Metric)
PWR1:9VINVBSTBCK1:C12;6.8 pF (16V);885012005024_6.3V(DC);WCAP-CSGP_0402;;https://www.digikey.ca/en/products/detail/würth-elektronik/885012005024/5453295;885012005024;https://www.we-online.com/components/products/datasheet/885012005024.pdf;CAP CER 6.8PF 16V C0G/NP0 0402;Würth Elektronik;732-7440-1-ND;[{'break_quantity': 1, 'total_price': 0.1, 'unit_price': 0.1}, {'break_quantity': 10, 'total_price': 0.2, 'unit_price': 0.02}, {'break_quantity': 50, 'total_price': 0.68, 'unit_price': 0.0136}, {'break_quantity': 100, 'total_price': 1.14, 'unit_price': 0.0114}, {'break_quantity': 500, 'total_price': 3.98, 'unit_price': 0.00796}, {'break_quantity': 1000, 'total_price': 6.91, 'unit_price': 0.00691}, {'break_quantity': 2500, 'total_price': 14.5, 'unit_price': 0.0058}, {'break_quantity': 5000, 'total_price': 25.65, 'unit_price': 0.00513}];2446;0402 (1005 Metric)
PWR1:9VINVBSTBCK1:C13;220 nF (6.3V);C0402C224K9PACTU;CAPC1005X55N;;https://www.digikey.ca/en/products/detail/kemet/C0402C224K9PACTU/1090791 C0402C224K9PACTU;C0402C224K9PACTU;https://search.kemet.com/download/datasheet/C0402C224K9PAC7867;CAP CER 0.22UF 6.3V X5R 0402;KEMET;399-4886-1-ND;[{'break_quantity': 1, 'total_price': 0.08, 'unit_price': 0.08}, {'break_quantity': 10, 'total_price': 0.35, 'unit_price': 0.035}, {'break_quantity': 50, 'total_price': 0.96, 'unit_price': 0.0192}, {'break_quantity': 100, 'total_price': 0.37, 'unit_price': 0.0037}];490120;0402 (1005 Metric)
PWR1:9VINVBSTBCK1:C14;7.5 pF (25V);GJM0335C1E7R5BB01D;CAPC0603X33N;;https://www.digikey.ca/en/products/detail/murata-electronics/GJM0335C1E7R5BB01D/11618872;GJM0335C1E7R5BB01D;https://search.murata.co.jp/Ceramy/image/img/A01X/G101/ENG/GJM0335C1E7R5BB01-01.pdf;CAP CER 7.5PF 25V C0G/NP0 0201;Murata Electronics;490-GJM0335C1E7R5BB01DCT-ND;[{'break_quantity': 1, 'total_price': 0.1, 'unit_price': 0.1}, {'break_quantity': 10, 'total_price': 0.38, 'unit_price': 0.038}, {'break_quantity': 50, 'total_price': 1.29, 'unit_price': 0.0258}, {'break_quantity': 100, 'total_price': 2.21, 'unit_price': 0.0221}, {'break_quantity': 500, 'total_price': 7.95, 'unit_price': 0.0159}, {'break_quantity': 1000, 'total_price': 13.76, 'unit_price': 0.01376}, {'break_quantity': 2500, 'total_price': 30.0, 'unit_price': 0.012}, {'break_quantity': 5000, 'total_price': 54.0, 'unit_price': 0.0108}];4697;0201 (0603 Metric)
PWR1:9VINVBSTBCK1:C15;22 uF (25V);CL32B226KAJNNNE;ANTC3225X280N;;https://www.digikey.ca/en/products/detail/samsung-electro-mechanics/CL32B226KAJNNNE/3889050;CL32B226KAJNNNE;//mm.digikey.com/Volume0/opasdata/d220001/medias/docus/797/CL32B226KAJNNNE_Spec.pdf;CAP CER 22UF 25V X7R 1210;Samsung Electro-Mechanics;1276-3392-1-ND;[{'break_quantity': 1, 'total_price': 0.56, 'unit_price': 0.56}, {'break_quantity': 10, 'total_price': 3.46, 'unit_price': 0.346}, {'break_quantity': 50, 'total_price': 13.03, 'unit_price': 0.2606}, {'break_quantity': 100, 'total_price': 23.36, 'unit_price': 0.2336}, {'break_quantity': 500, 'total_price': 95.21, 'unit_price': 0.19042}];333455;1210 (3225 Metric)
PWR1:9VINVBSTBCK1:L2;4.7 uH;WE-PD_7332;WE-PD_7332;;https://www.digikey.ca/en/products/detail/samsung-electro-mechanics/CL10B475KQ8NQNC/3887745;CL10B475KQ8NQNC;//mm.digikey.com/Volume0/opasdata/d220001/medias/docus/658/CL10B475KQ8NQNC_Spec.pdf;CAP CER 4.7UF 6.3V X7R 0603;Samsung Electro-Mechanics;1276-2087-1-ND;[{'break_quantity': 1, 'total_price': 0.13, 'unit_price': 0.13}, {'break_quantity': 10, 'total_price': 0.75, 'unit_price': 0.075}, {'break_quantity': 50, 'total_price': 2.64, 'unit_price': 0.0528}, {'break_quantity': 100, 'total_price': 4.58, 'unit_price': 0.0458}, {'break_quantity': 500, 'total_price': 17.09, 'unit_price': 0.03418}, {'break_quantity': 1000, 'total_price': 30.61, 'unit_price': 0.03061}];70859;0603 (1608 Metric)
PWR1:9VINVBSTBCK1:L3;4.7 uH;WE-PD_7332;WE-PD_7332;;https://www.digikey.ca/en/products/detail/samsung-electro-mechanics/CL10B475KQ8NQNC/3887745;CL10B475KQ8NQNC;//mm.digikey.com/Volume0/opasdata/d220001/medias/docus/658/CL10B475KQ8NQNC_Spec.pdf;CAP CER 4.7UF 6.3V X7R 0603;Samsung Electro-Mechanics;1276-2087-1-ND;[{'break_quantity': 1, 'total_price': 0.13, 'unit_price': 0.13}, {'break_quantity': 10, 'total_price': 0.75, 'unit_price': 0.075}, {'break_quantity': 50, 'total_price': 2.64, 'unit_price': 0.0528}, {'break_quantity': 100, 'total_price': 4.58, 'unit_price': 0.0458}, {'break_quantity': 500, 'total_price': 17.09, 'unit_price': 0.03418}, {'break_quantity': 1000, 'total_price': 30.61, 'unit_price': 0.03061}];70859;0603 (1608 Metric)
PWR1:9VINVBSTBCK1:R4;300;HRG3216P-3000-B-T1;RESC3216X55N;;https://www.digikey.ca/en/products/detail/susumu/HRG3216P-3000-B-T1/5763336?s=N4IgjCBcoExaBjKAzAhgGwM4FMA0IB7KAbXBjHIE4QBdfABwBcoQBlRgJwEsA7AcxABffAGZ4IJJDRY8hEiADsIiHRBMW7bvyH4wlABzVoElBhz4ikUgAZawkDGv6ArOMnTzcqyBHXrAAgB5AAsAW0xaBmZIEABVHi5GQOQAWWxUTABXDmwdEABaOGNJTkzZS1JXGnt8gDY3KFLy%2BTFq%2ByLSTFCAE38czC5MRgIOOyA;HRG3216P-3000-B-T1;https://www.susumu.co.jp/common/pdf/n_catalog_partition24_en.pdf;RES SMD 300 OHM 0.1% 1W 1206;Susumu;408-HRG3216P-3000-B-T1CT-ND;[{'break_quantity': 1, 'total_price': 0.85, 'unit_price': 0.85}, {'break_quantity': 10, 'total_price': 7.05, 'unit_price': 0.705}, {'break_quantity': 25, 'total_price': 16.34, 'unit_price': 0.6536}, {'break_quantity': 50, 'total_price': 30.9, 'unit_price': 0.618}, {'break_quantity': 100, 'total_price': 58.5, 'unit_price': 0.585}, {'break_quantity': 250, 'total_price': 136.47, 'unit_price': 0.54588}, {'break_quantity': 500, 'total_price': 259.77, 'unit_price': 0.51954}];1089;1206 (3216 Metric)
PWR1:9VINVBSTBCK1:R5;130K;ERA6AEB134V;RES_ERA6AEB134V;;https://www.digikey.ca/en/products/detail/panasonic-electronic-components/ERA-6AEB134V/1465800;ERA-6AEB134V;https://industrial.panasonic.com/cdbs/www-data/pdf/RDM0000/AOA0000C307.pdf;RES SMD 130K OHM 0.1% 1/8W 0805;Panasonic Electronic Components;10-ERA-6AEB134VCT-ND;[{'break_quantity': 1, 'total_price': 0.1, 'unit_price': 0.1}, {'break_quantity': 10, 'total_price': 0.61, 'unit_price': 0.061}, {'break_quantity': 25, 'total_price': 1.43, 'unit_price': 0.0572}, {'break_quantity': 50, 'total_price': 2.7, 'unit_price': 0.054}, {'break_quantity': 100, 'total_price': 5.1, 'unit_price': 0.051}, {'break_quantity': 250, 'total_price': 11.82, 'unit_price': 0.04728}, {'break_quantity': 500, 'total_price': 22.37, 'unit_price': 0.04474}, {'break_quantity': 1000, 'total_price': 42.39, 'unit_price': 0.04239}];223019;0805 (2012 Metric)
PWR1:9VINVBSTBCK1:R6;835K;RN73H1JTTD8353F25RES_RN73H_1J_KOA;RES_RN73H_1J_KOA;;https://www.digikey.ca/en/products/detail/koa-speer-electronics-inc/RN73H1JTTD8353F25/10684912?s=N4IgjCBcpgnAHLKoDGUBmBDANgZwKYA0IA9lANogAMIAugL7EBMV8ArMiAA4AuUIAVQB2ASx4B5dAFl8mXAFcATvhDF5-ANbiAFgFtcqkLpFD%2B8AMw1iuzAA8zAFhqMQAWiac0kHovlFSFCAcDMSuAGyeUD5%2BxGSQlOaGHgwuHvEgyrgiuDwkinT0QA;RN73H1JTTD8353F25;https://www.koaspeer.com/pdfs/RN73H.pdf;RES 835K OHM 1% 1/10W 0603;KOA Speer Electronics, Inc.;2019-RN73H1JTTD8353F25CT-ND;[{'break_quantity': 1, 'total_price': 0.12, 'unit_price': 0.12}, {'break_quantity': 10, 'total_price': 1.03, 'unit_price': 0.103}, {'break_quantity': 25, 'total_price': 2.38, 'unit_price': 0.0952}, {'break_quantity': 50, 'total_price': 4.49, 'unit_price': 0.0898}, {'break_quantity': 100, 'total_price': 8.49, 'unit_price': 0.0849}, {'break_quantity': 250, 'total_price': 19.7, 'unit_price': 0.0788}, {'break_quantity': 500, 'total_price': 37.31, 'unit_price': 0.07462}, {'break_quantity': 1000, 'total_price': 70.8, 'unit_price': 0.0708}];3041;0603 (1608 Metric)
PWR1:9VINVBSTBCK1:R7;120k;ERA6AEB124V;RES_ERA6AEB124V;;https://www.digikey.ca/en/products/detail/panasonic-electronic-components/ERA-6AEB124V/1465799;ERA-6AEB124V;https://industrial.panasonic.com/cdbs/www-data/pdf/RDM0000/AOA0000C307.pdf;RES SMD 120K OHM 0.1% 1/8W 0805;Panasonic Electronic Components;P120KDACT-ND;[{'break_quantity': 1, 'total_price': 0.1, 'unit_price': 0.1}, {'break_quantity': 10, 'total_price': 0.61, 'unit_price': 0.061}, {'break_quantity': 25, 'total_price': 1.43, 'unit_price': 0.0572}, {'break_quantity': 50, 'total_price': 2.7, 'unit_price': 0.054}, {'break_quantity': 100, 'total_price': 5.1, 'unit_price': 0.051}, {'break_quantity': 250, 'total_price': 11.82, 'unit_price': 0.04728}, {'break_quantity': 500, 'total_price': 22.37, 'unit_price': 0.04474}, {'break_quantity': 1000, 'total_price': 42.39, 'unit_price': 0.04239}];29092;0805 (2012 Metric)
PWR1:9VINVBSTBCK1:R8;900K;RT1206BRE07900KL;RESC3116X65N;;https://www.digikey.ca/en/products/detail/yageo/RT1206BRE07900KL/5936985;RT1206BRE07900KL;https://www.yageo.com/upload/media/product/app/datasheet/rchip/pyu-rt_1-to-0.01_rohs_l.pdf;RES SMD 900K OHM 0.1% 1/4W 1206;YAGEO;13-RT1206BRE07900KLCT-ND;[{'break_quantity': 1, 'total_price': 0.41, 'unit_price': 0.41}, {'break_quantity': 10, 'total_price': 2.06, 'unit_price': 0.206}, {'break_quantity': 25, 'total_price': 5.0, 'unit_price': 0.2}, {'break_quantity': 50, 'total_price': 9.69, 'unit_price': 0.1938}, {'break_quantity': 100, 'total_price': 16.98, 'unit_price': 0.1698}, {'break_quantity': 250, 'total_price': 36.46, 'unit_price': 0.14584}, {'break_quantity': 500, 'total_price': 64.26, 'unit_price': 0.12852}];1840;1206 (3216 Metric)
PWR1:9VINVBSTBCK1:U$1;RAF040P01TCL;RAF040P01TCL;TRANS_RAF040_ROM;;https://www.digikey.ca/en/products/detail/rohm-semiconductor/RAF040P01TCL/4004542;RAF040P01TCL;https://www.rohm.com/datasheet?p=RAF040P01&dist=Digi-key&media=referral&source=digi-key.com&campaign=Digi-key;MOSFET P-CH 12V 4A TUMT3;Rohm Semiconductor;RAF040P01TCLCT-ND;[{'break_quantity': 1, 'total_price': 0.82, 'unit_price': 0.82}, {'break_quantity': 10, 'total_price': 5.07, 'unit_price': 0.507}, {'break_quantity': 100, 'total_price': 32.82, 'unit_price': 0.3282}, {'break_quantity': 500, 'total_price': 125.42, 'unit_price': 0.25084}, {'break_quantity': 1000, 'total_price': 225.92, 'unit_price': 0.22592}];11645;3-SMD, Flat Leads
PWR1:9VINVBSTBCK1:U4;TPS65130RGER;TPS65130RGER;QFN50P400X400X100-25N;;https://www.digikey.ca/en/products/detail/texas-instruments/TPS65130RGER/660211;TPS65130RGER;https://www.ti.com/general/docs/suppproductinfo.tsp?distId=10&gotoUrl=https%3A%2F%2Fwww.ti.com%2Flit%2Fgpn%2Ftps65130;IC REG BUCK BOOST ADJ DL 24VQFN;Texas Instruments;296-17080-1-ND;[{'break_quantity': 1, 'total_price': 3.28, 'unit_price': 3.28}, {'break_quantity': 10, 'total_price': 24.63, 'unit_price': 2.463}, {'break_quantity': 25, 'total_price': 56.47, 'unit_price': 2.2588}, {'break_quantity': 100, 'total_price': 203.39, 'unit_price': 2.0339}, {'break_quantity': 250, 'total_price': 481.66, 'unit_price': 1.92664}, {'break_quantity': 500, 'total_price': 931.01, 'unit_price': 1.86202}, {'break_quantity': 1000, 'total_price': 1808.82, 'unit_price': 1.80882}];4122;24-VFQFN Exposed Pad
PWR1:9VINVBSTBCK1:U5;MBRM120ET1GDO-216AA_ONS;MBRM120ET1GDO-216AA_ONS;DO-216AA_ONS;;https://www.digikey.ca/en/products/detail/onsemi/MBRM120ET1G/1477266?s=N4IgjCBcpgnAHLKoDGUBmBDANgZwKYA0IA9lANogAMIAugL7EBMTAbEtCGpFnkaRXBUABAFaAgsIACwpiIBqdYgAcALlBABhEgFdl2fABMAqgDsAlqoDy6ALL5MuHQCd8IRiAC0rZFyirnHX4ySEomEGIAZjoPT3DObgCg4hDKAFYYj3jKWwAhACVbMDkYoA;MBRM120ET1G;https://www.onsemi.com/pdf/datasheet/mbrm120e-d.pdf;DIODE SCHOTTKY 20V 1A POWERMITE;onsemi;MBRM120ET1GOSCT-ND;[{'break_quantity': 1, 'total_price': 0.75, 'unit_price': 0.75}, {'break_quantity': 10, 'total_price': 4.76, 'unit_price': 0.476}, {'break_quantity': 100, 'total_price': 40.83, 'unit_price': 0.4083}, {'break_quantity': 500, 'total_price': 157.34, 'unit_price': 0.31468}, {'break_quantity': 1000, 'total_price': 284.52, 'unit_price': 0.28452}];472;DO-216AA
PWR1:9VINVBSTBCK1:U6;MBRM120ET1GDO-216AA_ONS;MBRM120ET1GDO-216AA_ONS;DO-216AA_ONS;;https://www.digikey.ca/en/products/detail/onsemi/MBRM120ET1G/1477266?s=N4IgjCBcpgnAHLKoDGUBmBDANgZwKYA0IA9lANogAMIAugL7EBMTAbEtCGpFnkaRXBUABAFaAgsIACwpiIBqdYgAcALlBABhEgFdl2fABMAqgDsAlqoDy6ALL5MuHQCd8IRiAC0rZFyirnHX4ySEomEGIAZjoPT3DObgCg4hDKAFYYj3jKWwAhACVbMDkYoA;MBRM120ET1G;https://www.onsemi.com/pdf/datasheet/mbrm120e-d.pdf;DIODE SCHOTTKY 20V 1A POWERMITE;onsemi;MBRM120ET1GOSCT-ND;[{'break_quantity': 1, 'total_price': 0.75, 'unit_price': 0.75}, {'break_quantity': 10, 'total_price': 4.76, 'unit_price': 0.476}, {'break_quantity': 100, 'total_price': 40.83, 'unit_price': 0.4083}, {'break_quantity': 500, 'total_price': 157.34, 'unit_price': 0.31468}, {'break_quantity': 1000, 'total_price': 284.52, 'unit_price': 0.28452}];472;DO-216AA
PWR1:BAT1:1S-1C-LIPO;;BATTERYLIPO-TABS;LIPO-110-TABS;Battery - Single Cell;;;;;;;;;
PWR1:BAT1:C2;0.1 uF;GRM033C70J104KE14D;CAPC0603X33N;;https://www.digikey.ca/en/products/detail/murata-electronics/GRM033C70J104KE14D/8323487;GRM033C70J104KE14D;https://search.murata.co.jp/Ceramy/image/img/A01X/G101/ENG/GRM033C70J104KE14-01A.pdf;CAP CER 0.1UF 6.3V X7S 0201;Murata Electronics;490-17675-1-ND;[{'break_quantity': 1, 'total_price': 0.08, 'unit_price': 0.08}, {'break_quantity': 10, 'total_price': 0.05, 'unit_price': 0.005}, {'break_quantity': 50, 'total_price': 0.22, 'unit_price': 0.0044}];121203;0201 (0603 Metric)
PWR1:BAT1:LED1;LTST-C170GKTLED_LTST-C170GKT_LTO;LTST-C170GKTLED_LTST-C170GKT_LTO;LED_LTST-C170GKT_LTO;;https://www.digikey.ca/en/products/detail/liteon/LTST-C170GKT/269226;LTST-C170GKT;//mm.digikey.com/Volume0/opasdata/d220001/medias/docus/895/LTST-C170GKT.pdf;LED GREEN CLEAR SMD;Lite-On Inc.;160-1179-1-ND;[{'break_quantity': 1, 'total_price': 0.1, 'unit_price': 0.1}, {'break_quantity': 10, 'total_price': 0.66, 'unit_price': 0.066}, {'break_quantity': 100, 'total_price': 4.53, 'unit_price': 0.0453}, {'break_quantity': 500, 'total_price': 17.76, 'unit_price': 0.03552}, {'break_quantity': 1000, 'total_price': 32.24, 'unit_price': 0.03224}];1260040;0805 (2012 Metric)
PWR1:BAT1:R1;2.2K;CRG0805F2K2;RESC2012X65N;;https://www.digikey.ca/en/products/detail/te-connectivity-passive-product/CRG0805F2K2/2135487;CRG0805F2K2;https://www.te.com/commerce/DocumentDelivery/DDEController?Action=srchrtrv&DocNm=1773204&DocType=Data%20Sheet&DocLang=English&DocFormat=pdf&PartCntxt=4-1622826-1;RES SMD 2.2K OHM 1% 1/8W 0805;TE Connectivity Passive Product;A106060CT-ND;[{'break_quantity': 1, 'total_price': 0.1, 'unit_price': 0.1}, {'break_quantity': 10, 'total_price': 0.35, 'unit_price': 0.035}, {'break_quantity': 25, 'total_price': 0.66, 'unit_price': 0.0264}, {'break_quantity': 50, 'total_price': 1.08, 'unit_price': 0.0216}, {'break_quantity': 100, 'total_price': 1.79, 'unit_price': 0.0179}, {'break_quantity': 250, 'total_price': 3.35, 'unit_price': 0.0134}, {'break_quantity': 500, 'total_price': 5.99, 'unit_price': 0.01198}, {'break_quantity': 1000, 'total_price': 9.52, 'unit_price': 0.00952}];248340;0805 (2012 Metric)
PWR1:BAT1:R2;330;RC1206JR-07330RL;RESC3116X65N;;https://www.digikey.ca/en/products/detail/yageo/RC1206JR-07330RL/729279;RC1206JR-07330RL;https://www.yageogroup.com/content/datasheet/asset/file/PYU-RC_GROUP_51_ROHS_L;RES 330 OHM 5% 1/4W 1206;YAGEO;311-330ERCT-ND;[{'break_quantity': 1, 'total_price': 0.1, 'unit_price': 0.1}, {'break_quantity': 10, 'total_price': 0.1, 'unit_price': 0.01}, {'break_quantity': 25, 'total_price': 0.24, 'unit_price': 0.0096}];90105;1206 (3216 Metric)
PWR1:BAT1:R3;RG1005P-152-B-T5RES_0510_SUS;RG1005P-152-B-T5RES_0510_SUS;RES_0510_SUS;;https://www.digikey.ca/en/products/detail/susumu/RG1005P-152-B-T5/968756;RG1005P-152-B-T5;https://www.susumu.co.jp/english/product/category.php?cid=1?cid=1;RES SMD 1.5K OHM 0.1% 1/16W 0402;Susumu;RG10P1.5KBCT-ND;[{'break_quantity': 1, 'total_price': 0.11, 'unit_price': 0.11}, {'break_quantity': 10, 'total_price': 0.95, 'unit_price': 0.095}, {'break_quantity': 25, 'total_price': 2.22, 'unit_price': 0.0888}, {'break_quantity': 50, 'total_price': 4.19, 'unit_price': 0.0838}, {'break_quantity': 100, 'total_price': 7.91, 'unit_price': 0.0791}, {'break_quantity': 250, 'total_price': 18.35, 'unit_price': 0.0734}, {'break_quantity': 500, 'total_price': 34.74, 'unit_price': 0.06948}, {'break_quantity': 1000, 'total_price': 65.9, 'unit_price': 0.0659}];27875;0402 (1005 Metric)
PWR1:BAT1:U$7;FS8205A;FS8205A;FS8205A;;https://www.digikey.ca/en/products/detail/evvo/FS8205A/26220994?s=N4IgTCBcDaIGIGUAcYAMBWAgiAugXyA;FS8205A;//mm.digikey.com/Volume0/opasdata/d220001/medias/docus/7158/5272_FS8205A.pdf;DUAL N-CHANNEL ENHANCEMENT MODE;EVVO;5272-FS8205ACT-ND;[{'break_quantity': 1, 'total_price': 0.34, 'unit_price': 0.34}, {'break_quantity': 10, 'total_price': 2.07, 'unit_price': 0.207}, {'break_quantity': 100, 'total_price': 12.96, 'unit_price': 0.1296}, {'break_quantity': 500, 'total_price': 47.97, 'unit_price': 0.09594}, {'break_quantity': 1000, 'total_price': 85.06, 'unit_price': 0.08506}];0;SOT-23-6
PWR1:BAT1:U2;BQ29700DSERDSE0006A;BQ29700DSERDSE0006A;DSE0006A;;https://www.digikey.ca/en/products/detail/texas-instruments/BQ29700DSER/5973173;BQ29700DSER;https://www.ti.com/general/docs/suppproductinfo.tsp?distId=10&gotoUrl=https%3A%2F%2Fwww.ti.com%2Flit%2Fgpn%2Fbq2971;IC BATT PROT LI-ION 1CELL 6WSON;Texas Instruments;296-43985-1-ND;[{'break_quantity': 1, 'total_price': 0.51, 'unit_price': 0.51}, {'break_quantity': 10, 'total_price': 3.58, 'unit_price': 0.358}, {'break_quantity': 25, 'total_price': 8.0, 'unit_price': 0.32}, {'break_quantity': 100, 'total_price': 27.83, 'unit_price': 0.2783}, {'break_quantity': 250, 'total_price': 64.59, 'unit_price': 0.25836}, {'break_quantity': 500, 'total_price': 123.16, 'unit_price': 0.24632}, {'break_quantity': 1000, 'total_price': 236.4, 'unit_price': 0.2364}];59697;6-WFDFN
PWR1:BATCHG1:C1;1 uF (6.3V);CL03A105MQ3CSNCCAP_CL03_SAM;CAP_CL03_SAM;;https://www.digikey.ca/en/products/detail/samsung-electro-mechanics/CL03A105MQ3CSNC/3886983;CL03A105MQ3CSNC;//mm.digikey.com/Volume0/opasdata/d220001/medias/docus/41/CL03A105MQ3CSNC_Spec.pdf;CAP CER 1UF 6.3V X5R 0201;Samsung Electro-Mechanics;1276-1325-1-ND;[{'break_quantity': 1, 'total_price': 0.08, 'unit_price': 0.08}, {'break_quantity': 10, 'total_price': 0.06, 'unit_price': 0.006}, {'break_quantity': 50, 'total_price': 0.24, 'unit_price': 0.0048}, {'break_quantity': 100, 'total_price': 0.4, 'unit_price': 0.004}, {'break_quantity': 500, 'total_price': 1.66, 'unit_price': 0.00332}];1516032;0201 (0603 Metric)
PWR1:BATCHG1:LED1;LTST-C170GKTLED_LTST-C170GKT_LTO;LTST-C170GKTLED_LTST-C170GKT_LTO;LED_LTST-C170GKT_LTO;;https://www.digikey.ca/en/products/detail/liteon/LTST-C170GKT/269226;LTST-C170GKT;//mm.digikey.com/Volume0/opasdata/d220001/medias/docus/895/LTST-C170GKT.pdf;LED GREEN CLEAR SMD;Lite-On Inc.;160-1179-1-ND;[{'break_quantity': 1, 'total_price': 0.1, 'unit_price': 0.1}, {'break_quantity': 10, 'total_price': 0.66, 'unit_price': 0.066}, {'break_quantity': 100, 'total_price': 4.53, 'unit_price': 0.0453}, {'break_quantity': 500, 'total_price': 17.76, 'unit_price': 0.03552}, {'break_quantity': 1000, 'total_price': 32.24, 'unit_price': 0.03224}];1260040;0805 (2012 Metric)
PWR1:BATCHG1:R1;RG1608P-4990-B-T5;RG1608P-4990-B-T5;RESC1608X50N;;https://www.digikey.ca/en/products/detail/susumu/RG1608P-4990-B-T5/1240599;RG1608P-4990-B-T5;https://www.susumu.co.jp/english/product/category.php?cid=1?cid=1;RES SMD 499 OHM 0.1% 1/10W 0603;Susumu;RG16P499BCT-ND;[{'break_quantity': 1, 'total_price': 0.1, 'unit_price': 0.1}, {'break_quantity': 10, 'total_price': 0.84, 'unit_price': 0.084}, {'break_quantity': 25, 'total_price': 1.94, 'unit_price': 0.0776}, {'break_quantity': 50, 'total_price': 3.67, 'unit_price': 0.0734}, {'break_quantity': 100, 'total_price': 6.93, 'unit_price': 0.0693}, {'break_quantity': 250, 'total_price': 16.07, 'unit_price': 0.06428}, {'break_quantity': 500, 'total_price': 30.42, 'unit_price': 0.06084}, {'break_quantity': 1000, 'total_price': 57.69, 'unit_price': 0.05769}];109596;0603 (1608 Metric)
PWR1:BATCHG1:R2;RG1005P-152-B-T5RES_0510_SUS;RG1005P-152-B-T5RES_0510_SUS;RES_0510_SUS;;https://www.digikey.ca/en/products/detail/susumu/RG1005P-152-B-T5/968756;RG1005P-152-B-T5;https://www.susumu.co.jp/english/product/category.php?cid=1?cid=1;RES SMD 1.5K OHM 0.1% 1/16W 0402;Susumu;RG10P1.5KBCT-ND;[{'break_quantity': 1, 'total_price': 0.11, 'unit_price': 0.11}, {'break_quantity': 10, 'total_price': 0.95, 'unit_price': 0.095}, {'break_quantity': 25, 'total_price': 2.22, 'unit_price': 0.0888}, {'break_quantity': 50, 'total_price': 4.19, 'unit_price': 0.0838}, {'break_quantity': 100, 'total_price': 7.91, 'unit_price': 0.0791}, {'break_quantity': 250, 'total_price': 18.35, 'unit_price': 0.0734}, {'break_quantity': 500, 'total_price': 34.74, 'unit_price': 0.06948}, {'break_quantity': 1000, 'total_price': 65.9, 'unit_price': 0.0659}];27875;0402 (1005 Metric)
PWR1:BATCHG1:U$1;;DG103350;DG103350;;https://www.digikey.ca/en/products/detail/vishay-ametherm/DG103350/5967492;DG103350;;THERMISTOR NTC 10KOHM 3475K BEAD;Vishay Ametherm;570-1178-ND;[{'break_quantity': 1, 'total_price': 1.96, 'unit_price': 1.96}, {'break_quantity': 5, 'total_price': 8.68, 'unit_price': 1.736}, {'break_quantity': 10, 'total_price': 16.54, 'unit_price': 1.654}, {'break_quantity': 25, 'total_price': 38.91, 'unit_price': 1.5564}, {'break_quantity': 50, 'total_price': 74.49, 'unit_price': 1.4898}, {'break_quantity': 100, 'total_price': 142.9, 'unit_price': 1.429}, {'break_quantity': 500, 'total_price': 653.35, 'unit_price': 1.3067}, {'break_quantity': 1000, 'total_price': 1261.2, 'unit_price': 1.2612}, {'break_quantity': 5000, 'total_price': 5847.8, 'unit_price': 1.16956}];66;Bead, Glass
PWR1:BATCHG1:U1;BQ21040DBVR;BQ21040DBVR;SOT95P280X145-6N;;https://www.digikey.ca/en/products/detail/texas-instruments/BQ21040DBVR/6036340;BQ21040DBVR;https://www.ti.com/general/docs/suppproductinfo.tsp?distId=10&gotoUrl=https%3A%2F%2Fwww.ti.com%2Flit%2Fgpn%2Fbq21040;IC BATT CHG LI-ION 1CELL SOT23-6;Texas Instruments;296-47315-1-ND;[{'break_quantity': 1, 'total_price': 0.89, 'unit_price': 0.89}, {'break_quantity': 10, 'total_price': 6.35, 'unit_price': 0.635}, {'break_quantity': 25, 'total_price': 14.31, 'unit_price': 0.5724}, {'break_quantity': 100, 'total_price': 50.3, 'unit_price': 0.503}, {'break_quantity': 250, 'total_price': 117.49, 'unit_price': 0.46996}, {'break_quantity': 500, 'total_price': 225.03, 'unit_price': 0.45006}, {'break_quantity': 1000, 'total_price': 433.67, 'unit_price': 0.43367}];66651;SOT-23-6
TEMP1:R1;47K;RC0603FR-0747KL;RESC1608X55;;https://www.digikey.ca/en/products/detail/yageo/RC0603FR-0747KL/727253;RC0603FR-0747KL;https://www.yageogroup.com/content/datasheet/asset/file/PYU-RC_GROUP_51_ROHS_L;RES 47K OHM 1% 1/10W 0603;YAGEO;311-47.0KHRCT-ND;[{'break_quantity': 1, 'total_price': 0.1, 'unit_price': 0.1}, {'break_quantity': 10, 'total_price': 0.07, 'unit_price': 0.007}, {'break_quantity': 25, 'total_price': 0.15, 'unit_price': 0.006}, {'break_quantity': 50, 'total_price': 0.28, 'unit_price': 0.0056}];4028691;0603 (1608 Metric)
TEMP1:R2;47K;RC0603FR-0747KL;RESC1608X55;;https://www.digikey.ca/en/products/detail/yageo/RC0603FR-0747KL/727253;RC0603FR-0747KL;https://www.yageogroup.com/content/datasheet/asset/file/PYU-RC_GROUP_51_ROHS_L;RES 47K OHM 1% 1/10W 0603;YAGEO;311-47.0KHRCT-ND;[{'break_quantity': 1, 'total_price': 0.1, 'unit_price': 0.1}, {'break_quantity': 10, 'total_price': 0.07, 'unit_price': 0.007}, {'break_quantity': 25, 'total_price': 0.15, 'unit_price': 0.006}, {'break_quantity': 50, 'total_price': 0.28, 'unit_price': 0.0056}];4028691;0603 (1608 Metric)
TEMP1:U$1;RNCF0402BTE10K0;RNCF0402BTE10K0;RNCF0402BTE10K0;10K Resistor 0.1% 1/10W;https://www.digikey.ca/en/products/detail/stackpole-electronics-inc/RNCF0402BTE10K0/1710765;RNCF0402BTE10K0;https://www.seielect.com/catalog/SEI-RNCF.pdf;RES SMD 10K OHM 0.1% 1/10W 0402;Stackpole Electronics Inc;RNCF0402BTE10K0CT-ND;[{'break_quantity': 1, 'total_price': 0.1, 'unit_price': 0.1}, {'break_quantity': 10, 'total_price': 0.7, 'unit_price': 0.07}, {'break_quantity': 25, 'total_price': 1.6, 'unit_price': 0.064}, {'break_quantity': 50, 'total_price': 3.17, 'unit_price': 0.0634}, {'break_quantity': 100, 'total_price': 5.88, 'unit_price': 0.0588}, {'break_quantity': 250, 'total_price': 13.39, 'unit_price': 0.05356}, {'break_quantity': 500, 'total_price': 26.37, 'unit_price': 0.05274}, {'break_quantity': 1000, 'total_price': 47.05, 'unit_price': 0.04705}];4597;0402 (1005 Metric)
TEMP1:U$2;jdahjsd;DG103350;DG103350;;https://www.digikey.ca/en/products/detail/vishay-ametherm/DG103350/5967492;DG103350;;THERMISTOR NTC 10KOHM 3475K BEAD;Vishay Ametherm;570-1178-ND;[{'break_quantity': 1, 'total_price': 1.96, 'unit_price': 1.96}, {'break_quantity': 5, 'total_price': 8.68, 'unit_price': 1.736}, {'break_quantity': 10, 'total_price': 16.54, 'unit_price': 1.654}, {'break_quantity': 25, 'total_price': 38.91, 'unit_price': 1.5564}, {'break_quantity': 50, 'total_price': 74.49, 'unit_price': 1.4898}, {'break_quantity': 100, 'total_price': 142.9, 'unit_price': 1.429}, {'break_quantity': 500, 'total_price': 653.35, 'unit_price': 1.3067}, {'break_quantity': 1000, 'total_price': 1261.2, 'unit_price': 1.2612}, {'break_quantity': 5000, 'total_price': 5847.8, 'unit_price': 1.16956}];66;Bead, Glass
USBC1:CR2;PESD4V0Y1BSFYLSOD962-2_NEX;PESD4V0Y1BSFYLSOD962-2_NEX;SOD962-2_NEX;;https://www.digikey.ca/en/products/detail/nexperia-usa-inc/PESD4V0Y1BSFYL/9326494;PESD4V0Y1BSFYL;https://assets.nexperia.com/documents/data-sheet/PESD4V0Y1BSF.pdf;TVS DIODE 4VWM 3.7VC DSN0603-2;Nexperia USA Inc.;1727-7840-1-ND;[{'break_quantity': 1, 'total_price': 0.17, 'unit_price': 0.17}, {'break_quantity': 10, 'total_price': 1.18, 'unit_price': 0.118}, {'break_quantity': 100, 'total_price': 5.3, 'unit_price': 0.053}, {'break_quantity': 500, 'total_price': 26.25, 'unit_price': 0.0525}, {'break_quantity': 1000, 'total_price': 52.0, 'unit_price': 0.052}];3988;0201 (0603 Metric)
USBC1:CR3;PESD4V0Y1BSFYLSOD962-2_NEX;PESD4V0Y1BSFYLSOD962-2_NEX;SOD962-2_NEX;;https://www.digikey.ca/en/products/detail/nexperia-usa-inc/PESD4V0Y1BSFYL/9326494;PESD4V0Y1BSFYL;https://assets.nexperia.com/documents/data-sheet/PESD4V0Y1BSF.pdf;TVS DIODE 4VWM 3.7VC DSN0603-2;Nexperia USA Inc.;1727-7840-1-ND;[{'break_quantity': 1, 'total_price': 0.17, 'unit_price': 0.17}, {'break_quantity': 10, 'total_price': 1.18, 'unit_price': 0.118}, {'break_quantity': 100, 'total_price': 5.3, 'unit_price': 0.053}, {'break_quantity': 500, 'total_price': 26.25, 'unit_price': 0.0525}, {'break_quantity': 1000, 'total_price': 52.0, 'unit_price': 0.052}];3988;0201 (0603 Metric)
USBC1:CR4;PESD4V0Y1BSFYLSOD962-2_NEX;PESD4V0Y1BSFYLSOD962-2_NEX;SOD962-2_NEX;;https://www.digikey.ca/en/products/detail/nexperia-usa-inc/PESD4V0Y1BSFYL/9326494;PESD4V0Y1BSFYL;https://assets.nexperia.com/documents/data-sheet/PESD4V0Y1BSF.pdf;TVS DIODE 4VWM 3.7VC DSN0603-2;Nexperia USA Inc.;1727-7840-1-ND;[{'break_quantity': 1, 'total_price': 0.17, 'unit_price': 0.17}, {'break_quantity': 10, 'total_price': 1.18, 'unit_price': 0.118}, {'break_quantity': 100, 'total_price': 5.3, 'unit_price': 0.053}, {'break_quantity': 500, 'total_price': 26.25, 'unit_price': 0.0525}, {'break_quantity': 1000, 'total_price': 52.0, 'unit_price': 0.052}];3988;0201 (0603 Metric)
USBC1:J1;USB4105-GF-A;USB4105-GF-A;GCT_USB4105-GF-A;;https://www.digikey.ca/en/products/detail/gct/USB4105-GF-A/11198441;USB4105-GF-A;https://gct.co/files/specs/usb4105-spec.pdf;CONN RCP USB2.0 TYP C 24P SMD RA;GCT;2073-USB4105-GF-ACT-ND;[{'break_quantity': 1, 'total_price': 0.78, 'unit_price': 0.78}, {'break_quantity': 10, 'total_price': 6.59, 'unit_price': 0.659}, {'break_quantity': 25, 'total_price': 15.43, 'unit_price': 0.6172}, {'break_quantity': 50, 'total_price': 29.39, 'unit_price': 0.5878}, {'break_quantity': 100, 'total_price': 55.97, 'unit_price': 0.5597}, {'break_quantity': 250, 'total_price': 131.15, 'unit_price': 0.5246}];60581;
USBC1:R1;5.1K;RG1608P-4990-B-T5;RESC1608X50N;;https://www.digikey.ca/en/products/detail/susumu/RG1608P-4990-B-T5/1240599;RG1608P-4990-B-T5;https://www.susumu.co.jp/english/product/category.php?cid=1?cid=1;RES SMD 499 OHM 0.1% 1/10W 0603;Susumu;RG16P499BCT-ND;[{'break_quantity': 1, 'total_price': 0.1, 'unit_price': 0.1}, {'break_quantity': 10, 'total_price': 0.84, 'unit_price': 0.084}, {'break_quantity': 25, 'total_price': 1.94, 'unit_price': 0.0776}, {'break_quantity': 50, 'total_price': 3.67, 'unit_price': 0.0734}, {'break_quantity': 100, 'total_price': 6.93, 'unit_price': 0.0693}, {'break_quantity': 250, 'total_price': 16.07, 'unit_price': 0.06428}, {'break_quantity': 500, 'total_price': 30.42, 'unit_price': 0.06084}, {'break_quantity': 1000, 'total_price': 57.69, 'unit_price': 0.05769}];109596;0603 (1608 Metric)
USBC1:R2;5.1K;RG1608P-4990-B-T5;RESC1608X50N;;https://www.digikey.ca/en/products/detail/susumu/RG1608P-4990-B-T5/1240599;RG1608P-4990-B-T5;https://www.susumu.co.jp/english/product/category.php?cid=1?cid=1;RES SMD 499 OHM 0.1% 1/10W 0603;Susumu;RG16P499BCT-ND;[{'break_quantity': 1, 'total_price': 0.1, 'unit_price': 0.1}, {'break_quantity': 10, 'total_price': 0.84, 'unit_price': 0.084}, {'break_quantity': 25, 'total_price': 1.94, 'unit_price': 0.0776}, {'break_quantity': 50, 'total_price': 3.67, 'unit_price': 0.0734}, {'break_quantity': 100, 'total_price': 6.93, 'unit_price': 0.0693}, {'break_quantity': 250, 'total_price': 16.07, 'unit_price': 0.06428}, {'break_quantity': 500, 'total_price': 30.42, 'unit_price': 0.06084}, {'break_quantity': 1000, 'total_price': 57.69, 'unit_price': 0.05769}];109596;0603 (1608 Metric)
USBC1:U1;MBRM120ET1GDO-216AA_ONS;MBRM120ET1GDO-216AA_ONS;DO-216AA_ONS;;https://www.digikey.ca/en/products/detail/onsemi/MBRM120ET1G/1477266?s=N4IgjCBcpgnAHLKoDGUBmBDANgZwKYA0IA9lANogAMIAugL7EBMTAbEtCGpFnkaRXBUABAFaAgsIACwpiIBqdYgAcALlBABhEgFdl2fABMAqgDsAlqoDy6ALL5MuHQCd8IRiAC0rZFyirnHX4ySEomEGIAZjoPT3DObgCg4hDKAFYYj3jKWwAhACVbMDkYoA;MBRM120ET1G;https://www.onsemi.com/pdf/datasheet/mbrm120e-d.pdf;DIODE SCHOTTKY 20V 1A POWERMITE;onsemi;MBRM120ET1GOSCT-ND;[{'break_quantity': 1, 'total_price': 0.75, 'unit_price': 0.75}, {'break_quantity': 10, 'total_price': 4.76, 'unit_price': 0.476}, {'break_quantity': 100, 'total_price': 40.83, 'unit_price': 0.4083}, {'break_quantity': 500, 'total_price': 157.34, 'unit_price': 0.31468}, {'break_quantity': 1000, 'total_price': 284.52, 'unit_price': 0.28452}];472;DO-216AA
